MULTIPOLYGON (((-177.953809 51.918457, -177.865869 51.8604, -177.799609 51.840039, -177.644482 51.82627, -177.724951 51.80166, -177.770654 51.777881, -177.826953 51.685889, -177.879053 51.649707, -177.90127 51.616406, -177.925342 51.617383, -178.058887 51.672607, -178.078467 51.69126, -178.003030154317 51.71648321525426, -178.05586254017317 51.80575185545812, -178.153467 51.848242, -178.194531 51.882227, -178.168262 51.903027, -178.12046542234853 51.914908603759194, -178.123152 51.919448, -178.04666862082846 51.91698076515757, -177.953809 51.918457)), ((-176.59190935109115 51.85795930680362, -176.469116 51.853725, -176.288377 51.870156, -176.288377 51.807664973204936, -176.280225 51.802832, -176.286719 51.791992, -176.288377 51.79044590492382, -176.288377 51.744186, -176.33445557330708 51.74747735528104, -176.349658 51.733301, -176.38014689969867 51.75074104982763, -176.437354781604 51.75482736263449, -176.437354 51.754297, -176.452344 51.735693, -176.469775 51.731152, -176.510986 51.745605, -176.55752 51.712061, -176.76767283871771 51.63119193239822, -176.80321 51.61274, -176.8379998788004 51.67536229000959, -176.961621 51.603662, -176.88698826415617 51.76354209921376, -176.912748 51.80991, -176.792256 51.815386, -176.775825 51.963264, -176.708726855837 51.96574913325566, -176.69834 51.986035, -176.596826 51.981787, -176.549902 51.944043, -176.551611 51.91958, -176.593311 51.866699, -176.59190935109115 51.85795930680362)), ((-177.09701206710182 51.92130841499907, -177.044195 51.897541, -177.120872 51.727755, -177.14785431057942 51.71908217729514, -177.148193 51.716748, -177.177002 51.703711, -177.2233978747426 51.69480049331734, -177.274226 51.678463, -177.2751967278972 51.69690665280971, -177.382373 51.704834, -177.474658 51.70127, -177.577588 51.694189, -177.654883 51.676562, -177.670215 51.701074, -177.667627 51.721191, -177.334717 51.776221, -177.26460891502325 51.80221300986245, -177.153734 51.946833, -177.1139889479334 51.92894792613164, -177.110059 51.92876, -177.09701206710182 51.92130841499907)), ((-176.071631 51.843311, -176.008984 51.812354, -176.093359 51.790479, -176.204443 51.834814, -176.193652 51.886279, -176.071631 51.843311)), ((-176.155664 52.099414, -176.077393 52.099951, -176.031201 52.082324, -175.988086 52.049463, -175.975293 52.028955, -176.021533 52.002441, -176.045068 51.972998, -176.142871 52.004297, -176.177539 52.029834, -176.184521 52.056055, -176.155664 52.099414)), ((-173.024316 52.090527, -173.0229 52.07915, -173.178857 52.0625, -173.21497947344258 52.06620158904361, -173.30158883222765 52.05657821849642, -173.368408 52.045605, -173.42110445303592 52.04329855540516, -173.549907 52.028987, -173.56446872732056 52.05186982288086, -173.672559 52.062646, -173.835791 52.048193, -173.878955 52.053662, -173.930225 52.072168, -173.9896 52.103613, -173.99248 52.12334, -173.938916 52.131299, -173.794092 52.104297, -173.779004 52.118359, -173.656836 52.14375, -173.62130583547238 52.14118570212155, -173.626584 52.14948, -173.59628388296036 52.13937980731092, -173.55332 52.136279, -173.41148256713888 52.10689424016674, -173.122706 52.111141, -173.11729189302176 52.10031311554916, -173.113281 52.100391, -173.024316 52.090527)), ((-174.185232 52.41785, -174.1818453390032 52.41620243564241, -174.168896 52.420166, -174.045605 52.367236, -174.0243516964234 52.33958392782474, -173.982585 52.319265, -174.059262 52.226157, -174.13374042870836 52.22954241121921, -174.163232 52.223389, -174.17207300167377 52.21078251818501, -174.16051249171898 52.17940347423604, -174.120654 52.135205, -174.14218558803069 52.12965820187932, -174.141417 52.127572, -174.1528113134651 52.12692088618358, -174.343555 52.077783, -174.59689940364234 52.045323243540295, -174.738403 52.007079, -174.84435193056652 52.02221469310477, -175.213867 51.993896, -175.295557 52.022168, -175.21416 52.038232, -175.117676 52.047119, -174.92344038505257 52.09243403283922, -174.902711 52.116618, -174.805662917487 52.11230469938633, -174.667773 52.134961, -174.53735587886112 52.16803419691236, -174.32261558536146 52.280684905904586, -174.406494 52.295996, -174.435547 52.317236, -174.36543 52.341943, -174.32686209330802 52.365650289403426, -174.327632 52.379511, -174.185232 52.41785)), ((-172.45239925338748 52.38492439310589, -172.432611 52.390465, -172.43129852828935 52.381277777903094, -172.383105 52.372949, -172.313623 52.32959, -172.41824686412176 52.28991692306172, -172.41618 52.275449, -172.4927759831173 52.26669548160262, -172.539111 52.257471, -172.55200026312514 52.259927230794645, -172.607873 52.253542, -172.6017063233473 52.26939942130022, -172.619824 52.272852, -172.582178 52.325635, -172.57890705999355 52.32802703300995, -172.569535 52.352127, -172.5139449468873 52.3676919225573, -172.47041 52.388037, -172.45239925338748 52.38492439310589)), ((-170.584619 52.667578, -170.586621 52.642432, -170.61033960958363 52.61402040812368, -170.603313 52.604066, -170.789529 52.538343, -170.79326423640765 52.55178971467043, -170.797363 52.549756, -170.816064 52.561523, -170.827051 52.600732, -170.81071756052495 52.614621044161154, -170.816914 52.636928, -170.71050780161298 52.6802782470146, -170.68208 52.697559, -170.67219024069016 52.6958889516181, -170.669036 52.697174, -170.66757928884246 52.69511031662498, -170.608057 52.685059, -170.584619 52.667578)), ((-169.722754 52.792334, -169.74181905244606 52.79497762807577, -169.962511 52.790282, -169.96941233011887 52.80684494027394, -169.980566 52.806006, -169.991846 52.829834, -169.98525950656867 52.84487758507258, -169.989896 52.856005, -169.83210918901418 52.881107655533455, -169.820654 52.883398, -169.81764234144075 52.88340921856665, -169.74891 52.894344, -169.74194011785482 52.8786615663293, -169.710986 52.866748, -169.691943 52.847363, -169.708105 52.807129, -169.7095152518609 52.80570469279255, -169.705095 52.795759, -169.71966984508705 52.79544889329901, -169.722754 52.792334)), ((-187.304726 52.823143, -188.90491 52.762897, -188.642017 52.927205, -188.642017 53.003883, -187.107557 52.992929, -187.293773 52.927205, -187.304726 52.823143)), ((-168.79585 53.044922, -168.783008 53.079346, -168.77876567389004 53.13572062752016, -168.790446 53.157237, -168.76215369595064 53.17138315202468, -168.759619 53.175049, -168.689844 53.227246, -168.639014 53.255762, -168.57429878718168 53.265310606409166, -168.40706 53.34893, -168.4046497740552 53.35796823727716, -168.396436 53.408789, -168.38844698895556 53.41872794181787, -168.385152 53.431084, -168.37171412296456 53.439544909100235, -168.357227 53.457568, -168.287695 53.500146, -168.26012238387656 53.509806570095556, -168.237275 53.524192, -168.19737106276324 53.5317926425629, -168.193066 53.533301, -168.073291 53.556982, -168.06448030961707 53.55710480934447, -168.007243 53.568007, -167.97475234718573 53.55471541833051, -167.828076 53.507959, -167.804688 53.484961, -167.843115 53.43457, -167.8522016349139 53.41506769325195, -167.842935 53.387268, -167.94609316453523 53.35288202564644, -167.964355 53.345117, -168.270703 53.238037, -168.32450189741724 53.19567985211595, -168.43087929362028 53.09943372458864, -168.445996 53.084424, -168.45226171776739 53.08008773949442, -168.500168 53.036744, -168.686384 52.965544, -168.68816752833555 52.96882944422773, -168.698535 52.963428, -168.741016 52.956885, -169.065918 52.833936, -169.088916 52.832031, -169.073096 52.86416, -168.973877 52.909668, -168.90918 52.951172, -168.836084 53.019727, -168.79585 53.044922)), ((-166.116963792815 53.84251523364561, -166.113721 53.843066, -166.102686 53.832812, -166.1151460704633 53.817067452604846, -166.112222 53.776131, -166.282007 53.683023, -166.45807725961262 53.644287761488634, -166.522021 53.609668, -166.56480826955104 53.5923328105037, -166.583239 53.529669, -166.878994 53.431084, -167.05894442950884 53.42725522283611, -167.153662 53.407861, -167.18963179160264 53.396420825882515, -167.306195 53.332499, -167.51934383948378 53.277374276995836, -167.522461 53.276221, -167.52412825768195 53.27613692694246, -167.623857 53.250345, -167.64178334459737 53.259597255800905, -167.669434 53.259961, -167.780859 53.300244, -167.808789 53.323779, -167.7866331640073 53.33435804011005, -167.793643 53.337976, -167.75168695951822 53.3510442666693, -167.710107 53.370898, -167.638721 53.386572, -167.63733108706128 53.38666328646497, -167.459549 53.442038, -167.42513210314672 53.436603700907185, -167.423535 53.437256, -167.204102 53.494971, -167.136084 53.526465, -167.12641547570368 53.55065774724043, -167.163794 53.611823, -167.021394 53.715885, -166.9422531752617 53.69762156174912, -166.894141 53.697119, -166.87779458619542 53.6827463634549, -166.807793 53.666592, -166.80512774589073 53.674588127314436, -166.803662 53.6854, -166.80115520706957 53.686506287787424, -166.785886 53.732316, -167.015917 53.754223, -167.06229382076734 53.78043619374022, -167.071484 53.783398, -167.07861289920768 53.78966009390718, -167.141887 53.825424, -167.12056035859848 53.84888313031661, -167.118164 53.872607, -167.090479 53.905664, -167.038086 53.942187, -167.03466142837124 53.94337124779936, -167.032348 53.945916, -167.0216250224633 53.9478793547049, -166.978076 53.962939, -166.87328761091328 53.97503962375175, -166.79129350907826 53.99005257188683, -166.734033 54.002197, -166.7203350337861 54.00304491993949, -166.643485 54.017116, -166.63110814665183 53.996487961304496, -166.627393 53.995654, -166.62652703570595 53.988852794982165, -166.561331 53.880193, -166.375115 54.01164, -166.210807 53.934962, -166.3109914521568 53.87912141686048, -166.318994 53.873779, -166.34258089554265 53.861514164420164, -166.50012765106212 53.77370111049264, -166.54183844376763 53.73037722158995, -166.539423 53.715885, -166.117699 53.852808, -166.116963792815 53.84251523364561)), ((-169.766162 56.607959, -169.755225 56.635059, -169.623926 56.615137, -169.550488 56.628125, -169.485693 56.617725, -169.474316 56.594043, -169.586865 56.542432, -169.632617 56.545703, -169.766162 56.607959)), ((-170.26035564276498 57.221127, -170.116162 57.241797, -170.160547 57.183936, -170.264014 57.136768, -170.270904672482 57.138045861480876, -170.28565 57.128019, -170.2896199149624 57.14151656590537, -170.358008 57.154199, -170.385889 57.188574, -170.386621 57.203027, -170.3109037942051 57.213880978121146, -170.313035 57.221127, -170.26035564276498 57.221127)), ((-166.5188450379341 59.85309725224655, -166.6161 59.850058, -166.86472736455747 59.94374334941741, -166.985059 59.983887, -167.03852190729174 59.992458, -167.125456 59.992458, -167.344534 60.074613, -167.4089824173692 60.185095761056296, -167.436426 60.206641, -167.38809016812402 60.21599534027249, -167.311672 60.238921, -167.2499504315501 60.23347492076298, -166.9155120476389 60.220147497099205, -166.763978 60.310121, -166.74439518795066 60.31127294249253, -166.730957 60.31626, -166.598975 60.33877, -166.52820778300574 60.36402190763677, -166.495608 60.392275, -166.45603725038538 60.38238223733645, -166.420361 60.381689, -166.363867 60.364746, -166.246973 60.391162, -166.184961 60.396777, -166.16768363903128 60.392159653895256, -166.13413 60.397752, -166.11762584288354 60.37391299676034, -166.043652 60.333936, -166.01438816543427 60.33226412404205, -165.88219 60.342983, -165.88036653385794 60.34237516870439, -165.840918 60.34624, -165.784473 60.335596, -165.729688 60.314209, -165.695801 60.281543, -165.69572046048356 60.28082554109328, -165.685021 60.277259, -165.653031006925 60.03962155463756, -165.630566 60.028369, -165.605029 59.972803, -165.591797 59.913135, -165.769287 59.893213, -165.7805336156214 59.893011825768525, -166.00816 59.844581, -166.062929 59.745996, -166.1366527430448 59.76736523198279, -166.14873 59.764111, -166.187549 59.773828, -166.21888592123815 59.79120097049688, -166.3824766280326 59.83861863567966, -166.5188450379341 59.85309725224655)), ((-172.277539 60.343652, -172.23208 60.299121, -172.397168 60.331104, -172.635742 60.328857, -172.958398 60.462793, -173.074023 60.493213, -173.047656 60.568311, -172.923877 60.606836, -172.860205 60.505664, -172.742236 60.457373, -172.526074 60.391748, -172.3875 60.398486, -172.277539 60.343652)), ((-168.72101510221438 63.29991355228174, -168.686384 63.295053, -168.7486814886041 63.24079399171125, -168.761328 63.21377, -168.80096116173644 63.195260162316465, -168.856169 63.147176, -169.108108 63.180038, -169.376478 63.152653, -169.513402 63.08693, -169.56565455497918 63.025589972015496, -169.571289 62.996777, -169.6067169979335 62.9773861779439, -169.639372 62.939052, -169.6664687298069 62.95840696855413, -169.676367 62.956104, -169.719824 62.990088, -169.72580976022562 63.00079377264118, -169.831064 63.075976, -170.055619 63.169084, -170.263743 63.180038, -170.362328 63.2841, -170.866206 63.415546, -171.101715 63.421023, -171.463193 63.306007, -171.73704 63.366254, -171.852055 63.486746, -171.742517 63.716778, -171.7125072040129 63.71118995051988, -171.646484 63.727002, -171.54883999611144 63.68071388675661, -171.04700997980905 63.587269367409974, -171.034863 63.585498, -170.874609 63.593994, -170.67251 63.668848, -170.551855 63.688477, -170.49346946540282 63.69345372556195, -170.488297 63.69487, -170.4812224443217 63.69449764959712, -170.43042 63.698828, -170.34929637246515 63.68755407204386, -170.280174 63.683916, -170.093958 63.612716, -170.0681611780386 63.549657625208575, -170.056299 63.527197, -170.017383 63.491748, -169.79403965110717 63.451024527185474, -169.77156172707055 63.44732954522759, -169.624121 63.430566, -169.587207 63.406592, -169.57289593103525 63.3920881657642, -169.519479705048 63.366541293511276, -169.51772176274747 63.36619309207382, -169.32005195009222 63.355789297752445, -169.295068 63.35752, -169.25038858717394 63.35212276268671, -169.17859627100944 63.348344176158, -168.996045 63.347314, -168.716016 63.310596, -168.72101510221438 63.29991355228174)), ((-165.942285 66.278174, -166.109863 66.227441, -166.148633 66.221826, -166.146484 66.237158, -166.03252 66.277734, -165.822217 66.328076, -165.82387974092788 66.32570378534722, -165.47803166757896 66.40195363682226, -165.449414 66.409912, -165.43307033103585 66.4118663571689, -165.186619 66.466202, -164.76234983519234 66.52850743622146, -164.674121 66.555029, -164.460498 66.588428, -164.058252 66.610742, -163.727686 66.616455, -163.638232 66.574658, -163.815723 66.583496, -163.88762673653713 66.57649425162738, -163.751661 66.553833, -163.78852258662715 66.50356697756254, -163.793701 66.492627, -163.80593083779135 66.47982834817398, -163.872153 66.389525, -163.828338 66.274509, -163.915969 66.192355, -163.870619584034 66.15204444210443, -163.695361 66.083838, -163.5171748489628 66.08098151198634, -163.494244 66.082816, -163.44784696152888 66.07987012213748, -163.171436 66.075439, -162.886475 66.099219, -162.8204600176655 66.08342451324916, -162.749381 66.088293, -162.67578250913976 66.05675115528724, -162.586865 66.05083, -162.214258 66.071045, -162.18467542155068 66.06807437421281, -162.14144 66.077339, -161.9742842330505 66.0469472946033, -161.933691 66.042871, -161.816309 66.053662, -161.556836 66.250537, -161.45542 66.281396, -161.35956998662695 66.25166609698299, -161.341807 66.252601, -161.28897368405924 66.23634485195369, -161.201074 66.219385, -161.19233312064736 66.22129953285359, -161.128206 66.334755, -161.528023 66.395002, -161.911409 66.345709, -161.89801769669165 66.40309960131952, -161.916895 66.411816, -161.887598 66.493066, -162.18095550875674 66.68638891137711, -162.502918 66.740049, -162.54286739366856 66.80441175443293, -162.543652 66.805127, -162.607422 66.894385, -162.60001088280504 66.89647603929407, -162.601503 66.89888, -162.58029635703295 66.90203847299591, -162.47832 66.930811, -162.361621 66.947314, -162.253564 66.918652, -162.2007301283936 66.86792987447319, -162.03179355813825 66.78627723312212, -162.017627 66.784131, -162.01879845824303 66.7799962708091, -162.015471 66.778388, -162.02475255494798 66.75898094431498, -162.050732 66.667285, -161.90957 66.559619, -161.591016 66.459521, -161.55408753522144 66.4648511158381, -161.489684 66.55931, -161.5673948849208 66.59061014090088, -161.571729 66.591602, -161.58001614021157 66.59569368961287, -161.78194540459222 66.6770261108505, -161.856689 66.700342, -161.85827089300236 66.70776824618972, -161.884024 66.718141, -161.8666782949443 66.74723705763509, -161.87876 66.803955, -161.7904207474361 66.87515310315077, -161.714239 67.002942, -161.78429258217875 67.0281616579562, -161.91039033526212 67.04305868465363, -162.240025 66.991988, -162.639842 67.008419, -162.66184090366227 67.02641840175654, -162.761426 67.036426, -162.79244166652933 67.03524737291828, -162.902735 67.008419, -163.740707 67.128912, -163.75348905492973 67.22690619861501, -163.799805 67.270996, -163.8922720757706 67.40470373717267, -163.98506346489307 67.50758126695271, -164.05870405904972 67.55968917207673, -164.20319871819203 67.63388915144807, -164.23006760555717 67.643241541911, -164.534863 67.725898, -165.192096 67.966884, -165.493328 68.059992, -165.794559 68.081899, -166.243668 68.246208, -166.681824 68.339316, -166.68250536333068 68.34033806054725, -166.786279 68.359619, -166.643896 68.408008, -166.545898 68.424365, -166.628380513941 68.38347971048672, -166.39248294676418 68.41886477627429, -166.380518 68.425146, -166.282959 68.573242, -166.22250297650018 68.70740336120174, -166.216284 68.881533, -166.20784589796008 68.8813246496881, -166.209082 68.885352, -165.509473 68.867578, -165.043945 68.882471, -164.889697 68.902441, -164.302344 68.936475, -164.150195 68.961182, -163.86792 69.03667, -163.535693 69.170117, -163.250537 69.345361, -163.205176 69.392529, -163.187109 69.380469, -163.161475 69.387939, -163.131006 69.454346, -163.093555 69.610693, -162.9521 69.758105, -162.350391 70.094141, -162.071143 70.227197, -161.977979 70.287646, -161.880957 70.331738, -161.812598 70.289844, -161.779932 70.277344, -161.761084 70.257666, -161.77202348418172 70.25590477434385, -161.53575024851537 70.24577867288153, -161.12297608909225 70.29077874690482, -160.92941667496382 70.32683397265167, -160.647656 70.420557, -160.634131 70.446387, -160.2150274853605 70.56378968206114, -160.0403011052112 70.63459376251645, -160.081592 70.634863, -159.680908 70.786768, -159.314502 70.878516, -159.231738 70.876758, -159.191748 70.859668, -159.183154 70.831934, -159.262207 70.813867, -159.3188677270523 70.7900625905784, -159.298908 70.760123, -159.01806333364746 70.79344396609598, -158.996289 70.801611, -158.620947 70.799023, -158.51084 70.820117, -158.484375 70.841064, -157.998486 70.845313, -157.92530710382817 70.85746198934999, -157.86354031628116 70.87235226628863, -157.605615 70.94126, -157.324756 71.0396, -157.195312 71.093262, -156.97334 71.230029, -156.783301 71.318945, -156.470215 71.407666, -156.395264 71.39668, -156.49668 71.379102, -156.56065349844923 71.34505612306155, -156.5512955123548 71.33335864044354, -156.469971 71.291553, -156.392718895242 71.27946106950544, -155.68341259005044 71.18405769164157, -155.645605 71.182764, -155.6408513624738 71.17833310573684, -155.585543 71.170894, -155.508865 71.083263, -155.832005 70.968247, -155.9672816673849 70.96323668529747, -155.97981031249813 70.96076277612525, -155.9756344887804 70.84384123688713, -155.973535 70.841992, -155.872217 70.834668, -155.708057 70.857275, -155.579395 70.894336, -155.313379 71.01499, -155.229736 71.082227, -155.166846 71.099219, -155.08298047580107 71.09314209870968, -155.032372 71.148986, -154.566832 70.990155, -154.643509 70.869662, -154.353231 70.8368, -154.32793923333472 70.82619379929577, -154.195215 70.801123, -153.969718648573 70.86317149568637, -153.931507 70.880616, -153.86335638751996 70.88145737317232, -153.701367 70.893604, -153.497705 70.891064, -153.23291 70.932568, -153.10858257546045 70.91687631038143, -152.63321897748793 70.88867720501197, -152.491211 70.880957, -152.3167027977809 70.84969879670973, -152.26104 70.842277, -152.26931718844725 70.8300039292718, -152.23291 70.810352, -152.29952044550868 70.78521979604827, -152.40791456441232 70.62449750534455, -152.399219 70.620459, -152.269678 70.614746, -152.26131636236397 70.5909136151896, -151.9389522214404 70.55867736162037, -151.769043 70.560156, -151.799902 70.538037, -151.8056129355584 70.53030478639279, -151.773592 70.486276, -151.4527966936727 70.42931231166328, -151.224805 70.41875, -151.128027 70.451611, -150.979053 70.464697, -150.85935016236692 70.48180270184471, -150.760358 70.49723, -150.75216709575386 70.49711931101237, -150.662646 70.509912, -150.57080714440374 70.49466847667101, -150.355064 70.491753, -150.34988526105872 70.43995709914601, -150.29125603779468 70.43562743121919, -150.26477414494394 70.4350115680159, -150.15249 70.443701, -149.870117 70.509668, -149.7796097886559 70.51056259675461, -149.462323 70.519138, -149.29088439256574 70.4993564138486, -149.269434 70.500781, -149.20714551318287 70.48969413368006, -149.177522 70.486276, -149.12178670327526 70.47450092923678, -148.844775 70.425195, -148.688379 70.416309, -148.68290842842566 70.41373588561704, -148.607921 70.420553, -148.37169418369564 70.31500494565991, -148.371143 70.31499, -148.248779 70.356738, -148.142725 70.355469, -148.0854502176972 70.33337414895104, -147.961642 70.316491, -147.941934237282 70.3084847881611, -147.869531 70.303271, -147.8080124016591 70.2540794961351, -147.786379 70.245291, -147.7451271843651 70.22792148064251, -147.705371 70.217236, -147.062939 70.17041, -146.97654308904825 70.17620601701499, -146.888161 70.185044, -146.84480338072922 70.185044, -146.744873 70.191748, -146.28125 70.186133, -146.057666 70.15625, -145.98075894134666 70.15749909490583, -145.858496 70.168614, -145.8334900237702 70.15989098009756, -145.823145 70.160059, -145.440088 70.050928, -145.236816 70.033936, -145.197363 70.008691, -144.619189 69.982129, -144.416895 70.039014, -144.20860568222622 70.04792219659217, -144.078491 70.059075, -143.914183 70.130275, -143.497935 70.141229, -143.50275565286145 70.0978431242469, -143.46803142773007 70.09586722254795, -143.25695 70.119321, -143.22370636133198 70.11431659741685, -143.218311 70.11626, -142.96844060215793 70.07588961782655, -142.747594 70.042644, -142.73562671719503 70.03827497602663, -142.707861 70.033789, -142.422119 69.939502, -142.37027577793418 69.91065735686941, -142.079408 69.856428, -142.04162312775486 69.82736324433652, -141.85260282905023 69.79589580461267, -141.712453 69.790705, -141.433129 69.697597, -141.39150263156512 69.65180799472162, -141.3440953145597 69.64729763875731, -141.31071172229616 69.6569897635825, -141.289648 69.664697, -141.2846035941926 69.66456963199614, -141.208574 69.686643, -141.03126086361468 69.65397973994408, -141.002148 69.650781, -141.002148 69.64861679247949, -141.00045 69.648304, -141.00045 60.304644, -140.53491 60.22249, -140.474664 60.310121, -140.14208008875016 60.224172149455654, -139.9841952344635 60.185803884078624, -139.696939 60.342983, -139.088998 60.359413, -139.09558060811918 60.34328564315956, -139.079248 60.343701, -139.079248 60.279443, -139.136963 60.172705, -139.185156 60.083594, -139.16290742945384 60.06941071095366, -139.045183 59.997935, -138.700135 59.910304, -138.6277449384471 59.775865449129036, -138.453613 59.683398, -138.317627 59.611133, -138.24760175219814 59.5739137975709, -137.604747 59.242118, -137.5985309145745 59.2290427385954, -137.593311 59.22627, -137.543701 59.119434, -137.48418 58.991211, -137.48482777826237 58.98987320857252, -137.445916 58.908024, -137.265177 59.001132, -136.827022 59.159963, -136.580559 59.16544, -136.46673763186038 59.28468251716076, -136.46669350736423 59.304899661630834, -136.476498 59.466672, -136.3172820226233 59.466672, -136.29953575639425 59.47283530546249, -136.27544116442755 59.56017710153383, -136.321826 59.604834, -136.26059989440296 59.61397602793692, -136.25742 59.625503, -135.945234 59.663842, -135.479694 59.800766, -135.376427841834 59.7472665309369, -135.367871 59.743311, -135.260791 59.69502, -135.0516232266275 59.5789938385912, -135.025108 59.565257, -135.06538371415544 59.43436276739698, -134.94375 59.288281, -134.9148876189615 59.27477558993106, -134.701969 59.247595, -134.47865497438065 59.099980655795264, -134.440771 59.085352, -134.410205 59.05625, -134.40947805579594 59.05425354374905, -134.378829 59.033994, -134.38958490522046 59.004415751601606, -134.363525 58.96875, -134.329639 58.939697, -134.296973 58.898486, -134.218506 58.849902, -134.16965609189296 58.832106692690225, -133.842089 58.727285, -133.78987145033614 58.68234359709253, -133.673926 58.597168, -133.546387 58.503467, -133.401123 58.410889, -133.41578685094137 58.36038504463057, -133.173903 58.152206, -133.1345372412131 58.09097055269051, -133.12041 58.077734, -133.001416 57.948975, -132.96134032491278 57.91486873816894, -132.867194 57.845498, -132.61566163022954 57.567016289965544, -132.550488 57.499902, -132.44248 57.406738, -132.30166 57.276318, -132.232178 57.198535, -132.279395 57.145361, -132.3289099369348 57.08965595651584, -132.05113 57.051341, -132.05983702996932 57.03143918476879, -132.031543 57.026562, -132.062891 56.953369, -132.09939531852234 56.868220468590884, -131.870391 56.804879, -131.86853935277 56.793460621440495, -131.866162 56.792822, -131.8677693790183 56.78871249683288, -131.85472066018758 56.70824619152915, -131.833105 56.684814, -131.82545675269557 56.60274571863821, -131.580113 56.613186, -131.12117251405266 56.419411024704964, -131.08291 56.404834, -131.07634644515036 56.40370682331786, -130.78048 56.366724, -130.621648 56.268139, -130.468294 56.240754, -130.424478 56.142169, -130.101339 56.114785, -130.0905628618624 56.101614140207815, -130.055957 56.065234, -130.03702328604456 56.036176760190365, -130.002754 55.994292, -130.01709802608104 55.972510230173555, -130.014062 55.950537, -130.025098 55.888232, -130.074658 55.836035, -130.111963 55.779785, -130.137061 55.719385, -130.14129496674275 55.69037794722998, -130.128724 55.583521, -129.986323 55.276813, -130.095862 55.200136, -130.21825040278148 55.05827647256663, -130.214063 55.025879, -130.312549 54.945947, -130.31815121079833 54.942482156329106, -130.336847 54.920812, -130.51153334884225 54.819821586951484, -130.575342 54.769678, -130.58736014760694 54.775984276376576, -130.687372 54.718165, -130.76649154017153 54.801680114767265, -130.84555450537295 54.807327396957184, -130.917403 54.789365, -131.010511 54.997489, -130.98725814164803 55.07189729761703, -131.02409890628425 55.12404424226762, -131.092665 55.189182, -130.98924704884655 55.2384288360847, -130.983936 55.243945, -130.97194620457412 55.24666736559054, -130.862634 55.298721, -130.928357 55.337059, -131.158389 55.200136, -131.1765937962139 55.21280026261239, -131.187891 55.206299, -131.261865 55.219775, -131.316309 55.268506, -131.34429794913214 55.267018410365296, -131.426759 55.238474, -131.58161597310024 55.31997790501998, -131.641309 55.298926, -131.65957103110577 55.28106435771311, -131.749898 55.128935, -131.832052 55.189182, -131.832052 55.31522153280009, -131.841992 55.358691, -131.846094 55.41626, -131.81801722879865 55.444399977241275, -131.843006 55.457552, -131.700606 55.698537, -131.87094763913262 55.645305278267955, -131.94502 55.55415, -131.9703028895827 55.541540835723254, -131.974453 55.49589, -132.182576 55.588998, -132.226392 55.704014, -132.21803879817455 55.71140336407717, -132.223437 55.721045, -132.20752 55.753418, -132.157959 55.780664, -132.090674 55.839551, -132.08822598545652 55.842159389879804, -132.127807 55.955953, -132.13163541321984 55.95393246691652, -132.132959 55.943262, -132.14600733523824 55.94634735469276, -132.324977 55.851892, -132.50779392579813 56.060099495844575, -132.55795979968246 56.063423244812206, -132.642639 56.032631, -132.66453297501988 56.08580151112839, -132.691357 56.130078, -132.6945887705902 56.15879337356508, -132.719317 56.218847, -132.527624 56.339339, -132.50280633523926 56.339339, -132.39376805561952 56.48071277540035, -132.396177 56.487217, -132.3366528949362 56.60295828185825, -132.33667 56.603125, -132.357666 56.625879, -132.434424 56.634131, -132.475928 56.649658, -132.47962562213405 56.68826724683896, -132.768609 56.837741, -132.993164 57.034911, -133.51895 57.177311, -133.5102940508402 57.493249983496874, -133.538965 57.55415, -133.60132847613906 57.60422429480724, -133.677781 57.62642, -133.639442 57.790728, -133.814705 57.834544, -134.072121 58.053622, -134.143321 58.168637, -134.586953 58.206976, -135.074401 58.502731, -135.27053304462524 59.15306227944696, -135.28990763518175 59.18093078355171, -135.37387576338944 59.04564913044675, -135.334082 58.909619, -135.26441302446094 58.79036950500358, -135.140124 58.617746, -135.18104312103623 58.58137427808812, -135.151904 58.512207, -135.1399642655999 58.48944935513008, -135.05797 58.349376, -135.06038164486137 58.336353293877636, -135.049707 58.306787, -135.060498 58.278906, -135.07374783768248 58.2641768288125, -135.085355 58.201499, -135.277048 58.234361, -135.2963509507398 58.25504275091718, -135.302539 58.255908, -135.363135 58.298291, -135.449951 58.376123, -135.571777 58.412061, -135.81890713640507 58.3974597919474, -135.91785 58.382238, -135.912373 58.617746, -136.087635 58.814916, -136.1431076819335 58.79387472219047, -136.146826 58.788818, -136.186328 58.770166, -136.21439126018524 58.766836231874635, -136.246466 58.75467, -136.876314 58.962794, -136.931084 58.902547, -136.586036 58.836824, -136.317666 58.672516, -136.213604 58.667039, -136.19073043115054 58.575542636390985, -136.102881 58.506299, -136.061475 58.452734, -136.05698785458685 58.39698703250204, -136.043819 58.382238, -136.06533803969128 58.376772861911434, -136.08125 58.364209, -136.129639 58.350391, -136.1835008666469 58.34676333660206, -136.388867 58.294607, -136.47648068971415 58.31828629380276, -136.582617 58.245215, -136.59570527148975 58.244570743620685, -136.59699 58.212453, -136.859883 58.316515, -136.88500277629794 58.33849476842895, -137.06525721417992 58.393192, -137.111823 58.393192, -137.566409 58.590362, -137.900502 58.765624, -137.9231834505836 58.8374479033117, -137.933984 58.846875, -137.960889 58.891016, -138.026904 58.941455, -138.240723 59.046826, -138.25403681277933 59.05164790474375, -138.634412 59.132579, -138.9183852193816 59.24726070336618, -138.9212810922588 59.248140428098296, -139.417615 59.379041, -139.746231 59.505011, -139.74409080918775 59.51571179775728, -139.773291 59.527295, -139.799121 59.54624, -139.766064 59.566064, -139.7325053270828 59.57363836216327, -139.718846 59.641934, -139.63386554157333 59.60194367923309, -139.611621 59.610303, -139.519741731374 59.69212516820661, -139.625738 59.88292, -139.488815 59.992458, -139.5206112760552 60.01630556988556, -139.61167 59.973438, -139.69322047638278 59.92464105317375, -139.801 59.833627, -140.315833 59.696704, -140.63934739302587 59.72270046156046, -140.648389 59.723193, -140.65293218453863 59.72379208690381, -140.92925 59.745996, -141.444083 59.871966, -141.46599 59.970551, -141.706976 59.948643, -141.91162621737365 60.00524824395144, -142.104102 60.033447, -142.54544814085338 60.085663987088786, -142.873564 60.091043, -143.623905 60.036274, -143.892275 59.997935, -143.9214146399824 60.01015490715649, -143.979492 60.008789, -144.147217 60.016406, -144.160937 60.045801, -144.084277 60.063037, -144.08763387134775 60.07986007771237, -144.231845 60.140336, -144.65357 60.206059, -144.7587906241029 60.276206349563765, -144.852441 60.295068, -144.901318 60.335156, -144.86837313974092 60.44028254305121, -145.124586 60.430614, -145.15500720863463 60.39005228562768, -145.128125 60.401123, -145.102441 60.388232, -145.118506 60.337109, -145.150488 60.312646, -145.2087072651271 60.318452028734995, -145.223171 60.299167, -145.7172827741946 60.467374977672165, -145.718457 60.467578, -145.847754 60.469238, -145.898877 60.478174, -145.810645 60.524658, -145.80011315859792 60.532397497624146, -145.820158 60.551106, -146.29085139229568 60.424941107916595, -146.179541 60.42876, -146.124268 60.423926, -146.102246 60.411182, -146.128271 60.392529, -146.202393 60.368018, -146.419189 60.325049, -146.53436520373225 60.28804068925521, -146.608837 60.238921, -146.718376 60.397752, -146.608837 60.485383, -146.56531486058142 60.47916547042541, -146.560303 60.480566, -146.51100490755687 60.47140680452259, -146.455483 60.463475, -145.951604 60.578491, -146.01116927551794 60.65791046106312, -146.05654272166575 60.65882631140435, -146.252836 60.622307, -146.345944 60.737322, -146.349459413523 60.73758565842118, -146.502979 60.700781, -146.570459 60.72915, -146.546387 60.745117, -146.52260541743445 60.75057172726547, -146.565022 60.753753, -146.784099 61.044031, -146.866253 60.972831, -147.172962 60.934492, -147.26331142847826 60.96962824525463, -147.285596 60.946777, -147.321094 60.925488, -147.32593555882818 60.92416760764376, -147.375609 60.879723, -147.67936499320712 60.905758707336155, -147.7621476178585 60.89261780396988, -147.775426 60.808523, -148.032842 60.781138, -148.153334 60.819476, -148.065703 61.005692, -148.175242 61.000215, -148.350504 60.803046, -148.109519 60.737322, -148.087611 60.594922, -148.06215215032577 60.5685202172147, -148.050684 60.567188, -147.984033 60.52334, -147.964111 60.484863, -147.97206080255543 60.475092107732, -147.939734 60.441568, -148.027365 60.277259, -148.21370386870237 60.33049923224024, -148.215869 60.323145, -148.218652 60.267676, -148.21262705290513 60.23907489334197, -148.087611 60.217013, -148.0518399061363 60.14170539778719, -147.914209 60.092334, -148.01622460341176 60.06672577707752, -147.983549 59.997935, -148.251919 59.95412, -148.399797 59.997935, -148.4298853293857 59.990238015217436, -148.430713 59.989111, -148.465088 59.974707, -148.47589486327132 59.97846817988924, -148.635305 59.937689, -148.67550697398218 59.95413506492933, -148.750879 59.947754, -148.842725 59.951221, -149.004248 59.97998, -149.01237570714937 59.98248041533461, -149.067984 59.981505, -149.06566793378713 59.998875285160885, -149.070117 60.000244, -149.121582 60.033496, -149.1705926276171 60.02159819869494, -149.204907 60.008889, -149.287061 59.904827, -149.418508 59.997935, -149.5497063504634 59.89297663902542, -149.56582875757127 59.852114977603875, -149.511616 59.806242, -149.59487923419076 59.77848758860308, -149.598047 59.770459, -149.612891 59.766846, -149.61692522286154 59.771138925712826, -149.741647 59.729565, -149.949771 59.718611, -149.9633731252136 59.7013817628131, -149.966504 59.690039, -149.97656347648405 59.684674102278585, -150.031925 59.61455, -150.25648 59.521442, -150.409834 59.554303, -150.579619 59.444764, -150.65584642524468 59.44781311927832, -150.677441 59.426953, -150.852783 59.341846, -150.899316 59.302686, -150.934521 59.249121, -150.960742 59.243994, -150.97294382001414 59.24807867648365, -151.001343 59.225687, -151.308052 59.209256, -151.35595614062362 59.24385329991785, -151.366357 59.245605, -151.477002 59.230566, -151.48970385763116 59.226706725627494, -151.592853 59.159963, -151.70923722909697 59.18822773267871, -151.738184 59.188525, -151.77415816660752 59.20399424123597, -151.976239 59.253071, -151.96151421509418 59.28160042828469, -151.964063 59.285107, -151.931689 59.342725, -151.9283879641266 59.345782893927925, -151.888608 59.422857, -151.636669 59.483103, -151.55629264755666 59.47774454389191, -151.512695 59.482715, -151.45060112936363 59.50116097465786, -151.423068 59.537872, -151.18125126074318 59.645346378878095, -151.12437210325106 59.698727699012245, -151.11639462157936 59.778501787458104, -151.403662 59.662256, -151.450098 59.650391, -151.45403291427985 59.65044634063443, -151.505222 59.63098, -151.749470773158 59.69721701948886, -151.763818 59.7, -151.77288437262948 59.70356647633339, -151.828361 59.718611, -151.8667 59.778858, -151.81527579963478 59.85770846142497, -151.783447 59.921143, -151.734521 59.98833, -151.72463792716303 59.99668656932392, -151.702392 60.030797, -151.62530543459442 60.0806765260874, -151.611865 60.092041, -151.451465 60.202637, -151.40966851054597 60.256758665281964, -151.379252 60.359413, -151.35573722545476 60.36725135359109, -151.312695 60.466455, -151.317529 60.553564, -151.35347707691358 60.655463856742315, -151.406637 60.720892, -151.33698555323133 60.734158894179565, -151.321777 60.74292, -150.95376 60.841211, -150.779492 60.914795, -150.45461438564297 61.01928869305177, -150.404357 61.038554, -150.3792322225862 61.02295927238802, -150.349121 61.022656, -150.281494 60.985205, -150.202783 60.955225, -150.113037 60.932812, -149.997559 60.935156, -149.95255536823257 60.94378672005956, -149.741647 61.016646, -150.075741 61.15357, -150.207187 61.257632, -150.47008 61.246678, -150.64157218436748 61.29207255660008, -150.67348220781207 61.28222134753906, -150.711066 61.252155, -150.94001372792235 61.19993818248538, -150.945508 61.198242, -151.05563339915147 61.14981731388812, -151.165652 61.044031, -151.46713065500367 61.01229599812377, -151.48487080479384 61.007711717555196, -151.77533763274872 60.86494035916286, -151.781641 60.857959, -151.784424 60.833154, -151.750488 60.754883, -151.785107 60.740234, -151.866162 60.734082, -151.99624 60.682227, -152.1183091226304 60.61368917910762, -152.13507 60.578491, -152.27481462648674 60.52171989499232, -152.306592 60.472217, -152.305078 60.453027, -152.260303 60.409424, -152.291504 60.381104, -152.368848 60.336328, -152.3818055839901 60.33098908682672, -152.392486 60.304644, -152.732057 60.173197, -152.567748 60.069136, -152.704672 59.915781, -152.82607706319942 59.905315296671766, -152.856934 59.898096, -153.02312228899046 59.88272137683951, -153.03404788105007 59.804057911935566, -153.024609 59.793994, -153.04201643244727 59.74668492384052, -153.049719 59.691227, -153.345474 59.620026, -153.438582 59.702181, -153.586459 59.548826, -153.7148409802617 59.54481401733466, -153.75187372891548 59.51052436349915, -153.72886 59.433811, -154.0465314022347 59.380119506490786, -154.08833 59.363281, -154.06748 59.336377, -154.138818 59.240137, -154.16403380523494 59.18615173686084, -154.1728451633163 59.151535695463615, -154.129834 59.119873, -153.899561 59.078027, -153.787939 59.06792, -153.656396 59.038672, -153.5486012028595 59.00304232814412, -153.400243 58.968271, -153.34337907926542 58.91140707926543, -153.338965 58.908545, -153.33746231588788 58.90549031588787, -153.301658 58.869686, -153.444059 58.710854, -153.679567 58.612269, -153.79190243504874 58.60946110125012, -153.821484 58.604102, -153.861963 58.587842, -153.91070364704052 58.558558411837915, -153.920553 58.519161, -154.01102966922656 58.49828211076226, -154.019873 58.492969, -154.0472174212277 58.46007387576438, -153.99723 58.376761, -154.145107 58.212453, -154.24636408173492 58.16357012799583, -154.247021 58.159424, -154.27789485622984 58.14834833029617, -154.46277 58.059098, -154.58472297830025 58.059098, -154.584912 58.055664, -154.68436381529494 58.04633095763549, -154.818771 58.004329, -154.988556 58.015283, -155.02093043749161 58.000444849558214, -155.099268 57.91333, -155.1002418860266 57.91269227120239, -155.081664 57.872883, -155.2226804471308 57.84781310424535, -155.312744 57.807129, -155.34047133115968 57.798889774279836, -155.377419 57.708574, -155.49935601800118 57.76364226120845, -155.529639 57.758887, -155.58697280649682 57.73495525698946, -155.5908445279543 57.73005867787162, -155.59585 57.701074, -155.628711 57.673047, -155.64009231463993 57.66777483681199, -155.73342 57.549743, -155.8532445734742 57.55604961710248, -156.000195 57.544971, -156.037354 57.526514, -156.0381226997801 57.523145365314, -156.023698 57.440204, -156.06247228105477 57.447046593676276, -156.089893 57.445068, -156.156006 57.463428, -156.242188 57.449219, -156.34136 57.4035202458583, -156.34136 57.248511, -156.549484 56.985618, -156.8535396404483 56.955711439848265, -156.871729 56.947656, -156.9027619869178 56.944315583337826, -157.01545246694542 56.894731640442814, -157.066699 56.860205, -157.13916 56.826563, -157.16497161656966 56.82094274740258, -157.20124 56.766541, -157.28294048120193 56.80994440977366, -157.333594 56.815869, -157.390234 56.809814, -157.440576 56.790332, -157.489648 56.759766, -157.528711 56.673193, -157.578369 56.634473, -157.609766 56.627686, -157.64508055298438 56.630859357766106, -157.672257 56.607709, -157.70973731659527 56.6401923364401, -157.770703 56.65166, -157.869092 56.645215, -157.92711397861635 56.6258208698207, -157.95106392747098 56.53686454162086, -157.928711 56.531689, -157.92998 56.520459, -157.95699830457448 56.51482272430914, -157.957058 56.514601, -158.126843 56.459832, -158.23405628447566 56.471422739740994, -158.35249 56.453516, -158.3649325531178 56.44996374091626, -158.488321 56.339339, -158.208997 56.295524, -158.29304345894448 56.206893143093446, -158.291406 56.203662, -158.275635 56.19624, -158.3323107328577 56.16548399654494, -158.510229 55.977861, -159.19559005696334 55.8954440036312, -159.3958628416387 55.85029519547241, -159.616571 55.594475, -159.65211311845022 55.630017708400075, -159.659668 55.625928, -159.670264 55.64502, -159.67016366519152 55.64806855475541, -159.676817 55.654722, -159.66848156652017 55.699177137926554, -159.665332 55.794873, -159.678516 55.824658, -159.743018 55.84375, -159.771387 55.841113, -159.8104 55.832715, -159.874365 55.800293, -159.913525 55.792187, -159.962305 55.794873, -160.0395022715106 55.76529594846466, -160.060203 55.720445, -160.394296 55.605429, -160.536697 55.473983, -160.5671568701153 55.53871100608686, -160.59749854974453 55.54585776435888, -160.668143 55.457552, -160.755536131931 55.48911050785357, -160.77085 55.483545, -160.896729 55.513623, -160.9031720587271 55.51123513748011, -160.96903119826194 55.480763025079625, -161.024219 55.44043, -161.099512 55.405713, -161.15866831578248 55.393020555299344, -161.232268 55.358967, -161.506115 55.364444, -161.467776 55.49589, -161.56930724143697 55.60203633616738, -161.598779 55.592822, -161.64418048030996 55.568744119226814, -161.6762304677767 55.5382966457629, -161.683545 55.529932, -161.69548030559085 55.49452126840554, -161.686854 55.408259, -162.053809 55.074166, -162.1600208834572 55.14343432637568, -162.166602 55.14375, -162.186652333393 55.13373578049153, -162.218117 55.03035, -162.470057 55.052258, -162.501287558252 55.212874859787725, -162.541895 55.242725, -162.630371 55.24668, -162.644141 55.218018, -162.63423926207713 55.169384184058906, -162.579595 55.134412, -162.6161405142967 55.05827662397231, -162.618896 55.038428, -162.62951238758603 55.03041896152943, -162.645319 54.997489, -162.847965 54.926289, -162.90262735815114 54.98095100170786, -162.995898 55.046484, -163.119629 55.064697, -163.127832 55.034766, -163.10028193579868 54.97382530184826, -163.034181 54.942719, -163.21380172527392 54.867394572180764, -163.220557 54.863379, -163.249696942102 54.85234181774555, -163.36431976815445 54.80427443145559, -163.35514095651325 54.79721713245011, -163.14372 54.76198, -163.14071749067134 54.72595043625922, -163.135059 54.723291, -163.089258 54.686084, -163.083252 54.668994, -163.35209523377725 54.73423460079282, -163.4436002958592 54.68750842256192, -163.530859 54.63833, -163.54809087900944 54.63415131312291, -163.587352 54.614103, -164.08128151900584 54.619530851364146, -164.09080192244758 54.61778518176432, -164.2453241057806 54.562843919226246, -164.34668 54.482422, -164.34924538303778 54.48086162820015, -164.354124 54.466226, -164.3885428459541 54.4569592900163, -164.403516 54.447852, -164.463477 54.427344, -164.5699871165357 54.40810839490126, -164.638925 54.389548, -164.847049 54.416933, -164.8627517036806 54.45800174534534, -164.866162 54.461377, -164.903955 54.544775, -164.9037401031695 54.565202529042296, -164.918249 54.603149, -164.85127402359052 54.62253635767507, -164.751465 54.662939, -164.706201 54.691992, -164.6390452379098 54.763887447797735, -164.551294 54.88795, -164.5138767590782 54.888934673697065, -164.478613 54.906836, -164.424316 54.913184, -164.31272037396127 54.90345307240053, -163.894061 55.041304, -163.85054766176086 55.041963300299145, -163.807129 55.049072, -163.607471 55.05083, -163.58703938467335 55.04595589413227, -163.532583 55.046781, -163.39566 54.904381, -163.291598 55.008443, -163.29665037823543 55.03623188749452, -163.305957 55.058545, -163.30462973214637 55.08011960883651, -163.313505 55.128935, -163.18641572146782 55.16238002907034, -163.114502 55.193945, -163.045361 55.204736, -163.008252 55.186865, -162.961963 55.183838, -162.906592 55.195557, -162.871582 55.218604, -162.857129 55.253027, -162.78623 55.29707, -162.71786291353237 55.325927996174826, -162.579595 55.446598, -162.245502 55.682106, -161.807347 55.89023, -161.64571307026492 55.91946163808415, -161.215625 56.021436, -161.178613 56.014453, -161.222559 55.977441, -161.20761368092428 55.965922702807575, -161.13935425407936 55.95192089200603, -160.97840635858037 55.9686171139175, -160.934864365851 55.98122128688157, -160.898633 55.993652, -160.89724740343456 55.99211033147874, -160.87079 55.999769, -160.816021 55.912138, -160.919838344466 55.82315105999931, -160.851318 55.771875, -160.802832 55.754443, -160.7994194096341 55.754625275108026, -160.766728 55.857368, -160.74660132389604 55.85822446428366, -160.706348 55.870459, -160.599707 55.874316, -160.5501446994563 55.866584418070964, -160.509312 55.868322, -160.47302985773547 55.82924888451661, -160.436914 55.816699, -160.347314 55.799902, -160.291699 55.805078, -160.2756969376299 55.82517140608977, -160.27504118862123 55.83631901950938, -160.308496 55.864453, -160.34541946092006 55.87974831429735, -160.536697 55.939523, -160.558604 55.994292, -160.5151981522261 56.058044323439006, -160.514697 56.059131, -160.48895184681473 56.096593575152276, -160.383342 56.251708, -160.33593989756685 56.28147228870191, -160.302051 56.314111, -160.17543473844256 56.38225520019953, -160.147834 56.399586, -159.830171 56.541986, -159.82185801308742 56.54406425497715, -159.785059 56.561621, -159.2858330651766 56.687884024308275, -159.2791260983198 56.69118745519961, -159.159033 56.770068, -158.990381 56.860059, -158.918018 56.882178, -158.918018 56.847412, -158.9032848152144 56.82767481583658, -158.852586555706 56.80866275156749, -158.78208 56.795752, -158.73937728068415 56.79156696792484, -158.67247745060314 56.80443241020943, -158.665918 56.82793, -158.6799736175384 56.883470906879936, -158.701922 56.925372, -158.6795252526361 56.981363357255255, -158.677246 56.997363, -158.660791 57.039404, -158.585596 57.114062, -158.47373 57.199072, -158.40398465074287 57.2441869236262, -158.378782 57.264942, -158.36173079588235 57.271518917160535, -158.320947 57.2979, -158.224512 57.342676, -158.133545 57.366406, -158.045703 57.409473, -157.894336 57.511377, -157.845752 57.528076, -157.80414072433456 57.53576955282445, -157.688688 57.609989, -157.705118 57.719528, -157.61373061363255 58.00790651859514, -157.610889 58.05083, -157.58912621405375 58.085547214795135, -157.51398621117812 58.322656115463104, -157.524414 58.350732, -157.523633 58.421338, -157.460889 58.503027, -157.228857 58.640918, -157.11593575400585 58.68330139285482, -157.07527 58.705377, -157.119086 58.869686, -158.039212 58.634177, -158.05275936572627 58.635455066578984, -158.190918 58.614258, -158.302588 58.641797, -158.31826897834299 58.66050340211082, -158.32949 58.661562, -158.39089117054928 58.74657933705901, -158.41382459981958 58.76364952264707, -158.564998 58.803962, -158.619768 58.913501, -158.767645 58.864209, -158.85508451335528 58.704760641373134, -158.8346373668934 58.659302862771106, -158.701922 58.480823, -158.893615 58.387715, -159.0634 58.420577, -159.32569477653925 58.691615042181226, -159.358203 58.721289, -159.454199 58.79292, -159.670264 58.911133, -159.741455 58.894287, -159.76087580766892 58.88181341224269, -159.808264 58.803962, -159.906848 58.782055, -160.00542038781478 58.85141989030414, -160.1135833996486 58.89146673190416, -160.235465 58.902547, -160.27370939792684 58.98158545341686, -160.363135 59.051172, -160.4264372871679 59.033468499788015, -160.6801579731503 58.94285437425732, -160.81709 58.87168, -160.88428274384458 58.87213891030336, -161.31186762858889 58.75066555867282, -161.328125 58.743701, -161.361328 58.669531, -161.3743750039775 58.6676269843767, -161.374669 58.667039, -161.752577 58.552023, -161.8780811815279 58.62215776896806, -162.144922 58.644238, -162.008691 58.68501, -161.856494 58.71709, -161.83577203423812 58.72919690757457, -161.769008 58.776578, -161.829255 59.061379, -161.8424143478669 59.09284708752394, -161.890771 59.076074, -161.981055 59.146143, -162.023291 59.283984, -161.94740890821035 59.34392168847188, -161.955224 59.36261, -161.90200792711852 59.38921814205374, -161.872217 59.428271, -161.831689 59.514502, -161.828711 59.588623, -161.908643 59.714111, -161.97397725259515 59.7898153983302, -162.092148 59.88292, -162.234548 60.091043, -162.448149 60.178674, -162.502918 59.997935, -162.760334 59.959597, -162.85889345671004 59.932000323328666, -162.877832 59.922754, -162.95069402600092 59.90629613710919, -163.171105 59.844581, -163.66403 59.795289, -163.9324 59.806242, -164.162431 59.866489, -164.18898831509208 60.0205194879821, -164.2111258864172 60.030647525643666, -164.386986 60.074613, -164.699171 60.29369, -164.77696926094387 60.30665652478962, -164.799951 60.307227, -164.81832688730813 60.31354954117566, -164.962064 60.337506, -165.05271749977254 60.408733559812994, -165.061133 60.412549, -165.06056855141497 60.41490222679065, -165.19960092252126 60.52414165553598, -165.224512 60.523584, -165.353809 60.541211, -165.05427270184515 60.71752076097649, -165.016834 60.890677, -165.175665 60.846861, -165.197573 60.972831, -165.120896 61.076893, -165.323543 61.170001, -165.34545 61.071416, -165.51652614885697 61.0980273672027, -165.565869 61.102344, -165.56976259842898 61.10630844389044, -165.591913 61.109754, -165.59651889816823 61.133551584385486, -165.627588 61.165186, -165.68497477987884 61.286419160911386, -165.816467 61.301447, -165.84363797515698 61.33147810528969, -165.863965 61.335693, -165.90019694546072 61.39399070862669, -165.920529 61.416463, -165.91558125195138 61.54510264252757, -165.94452649972922 61.54875750555991, -166.106745 61.49314, -166.11306350469332 61.5194669106149, -166.152734 61.545947, -166.163525 61.589014, -166.168115 61.65083, -166.131152 61.657324, -166.100488 61.645068, -165.91216471981082 61.66937840109753, -166.0067235515002 61.74502576241863, -166.019922 61.748291, -166.07552583530043 61.800067804810276, -166.095791 61.81628, -166.03639250219211 61.81819592822243, -165.991406 61.83418, -165.833838 61.836816, -165.756221 61.84821775804474, -165.756221 62.013449, -165.72074917258306 62.06783936565126, -165.707275 62.100439, -165.69134819257758 62.11292105919373, -165.674067 62.139419, -165.58708394399875 62.194634392445884, -165.447656 62.303906, -165.194531 62.473535, -165.115625 62.512695, -165.0741366417331 62.520244780269515, -165.044219 62.539236, -164.912772 62.659728, -164.819664 62.637821, -164.874433 62.807606, -164.8147096625723 62.87954562670638, -164.799658 62.918066, -164.764062 62.970605, -164.71628531815477 62.99810247401567, -164.633448 63.097884, -164.425324 63.212899, -164.4092100279974 63.21494164243337, -164.409033 63.215039, -164.107617 63.261719, -164.06782548650028 63.25821629566258, -164.036462 63.262192, -163.94736824031227 63.247612875948484, -163.942871 63.247217, -163.9394567828851 63.246318260930956, -163.73523 63.212899, -163.4317058071323 63.086759318713895, -163.423193 63.084521, -163.41623805784155 63.08033117554906, -163.33361645949398 63.04599499303772, -163.287842 63.046436, -163.062256 63.079736, -162.947705 63.11499, -162.807764 63.206592, -162.621484 63.26582, -162.359814 63.452588, -162.282813 63.529199, -162.193311 63.540967, -162.1125 63.53418, -162.09247120119443 63.51180400400817, -162.075717 63.514131, -162.04107537357734 63.46794286753949, -161.973975 63.45293, -161.50542 63.468164, -161.266016 63.496973, -161.099707 63.55791, -160.926709 63.660547, -160.826514 63.729346, -160.778564 63.818945, -160.840479 63.934912, -160.8535259586675 63.95470339522238, -160.952944 64.08921, -160.97017831476577 64.20554005133371, -160.98407939465605 64.24213594039719, -161.26513 64.395918, -161.2777309642945 64.4116692341272, -161.385693 64.439941, -161.490723 64.433789, -161.4146 64.526367, -161.36780577744906 64.52426295614745, -161.374669 64.532842, -161.27698715375067 64.52017941000709, -161.193066 64.516406, -161.048779 64.534473, -160.931934 64.579102, -160.893701 64.612891, -160.836035 64.681934, -160.855908 64.755615, -160.86173324092366 64.76310724836492, -161.144637 64.921705, -161.413007 64.762873, -161.664946 64.790258, -161.900455 64.702627, -162.15422064558777 64.68191120552395, -162.1715399369471 64.67823031124087, -162.234548 64.620473, -162.41769334287363 64.56814584448334, -162.57094322115458 64.48569342709891, -162.634365 64.384965, -162.787719 64.324718, -162.81179368160426 64.38397891077706, -162.86945934414013 64.5021500941594, -163.045135 64.538319, -163.061927208417 64.52082711090941, -163.051758 64.519727, -163.09638482534982 64.4849337490152, -163.11086492742658 64.46985030476192, -163.144336 64.423828, -163.15197599075432 64.42702626743063, -163.176582 64.401395, -163.253259 64.467119, -163.598306 64.565704, -164.304832 64.560227, -164.80871 64.450688, -165.000403 64.434257, -165.411174 64.49998, -166.188899 64.576658, -166.391546 64.636904, -166.47158630139322 64.721652604984, -166.481396 64.728076, -166.48121827884748 64.7318511754326, -166.484654 64.735489, -166.48068797451648 64.74311596779887, -166.478125 64.797559, -166.4451097540618 64.8115355840814, -166.413454 64.872412, -166.692778 64.987428, -166.67890102083706 65.01934479870648, -166.826953 65.096094, -166.928418 65.15708, -166.906396 65.163818, -166.856787 65.147266, -166.762549 65.134912, -166.531006 65.154736, -166.4763338964202 65.21852540343826, -166.517516 65.337952, -166.796839 65.337952, -166.99496609400452 65.37569082221125, -167.08775348657628 65.38622273012427, -167.47598 65.414629, -167.711489 65.496784, -168.072967 65.578938, -168.105828 65.682999, -168.03350551996067 65.70055305850991, -168.009668 65.719141, -167.930566 65.748145, -167.928241095042 65.72610276135514, -167.541703 65.819923, -166.829701 66.049954, -166.3313 66.186878, -166.25075320930168 66.16519237996926, -166.2146 66.170264, -166.057422 66.127246, -166.008936 66.121338, -165.74456756610465 66.11319250803317, -165.690498 66.203309, -165.86576 66.21974, -165.87988828445225 66.29980429146562, -165.942285 66.278174)), ((-154.989014 19.731982, -154.952588 19.644629, -154.841357 19.568164, -154.804199 19.524463, -154.850293 19.454102, -154.92996604364131 19.401196956358678, -154.983079 19.348084, -155.02759352970475 19.336369680096603, -155.053467 19.319189, -155.30193801643338 19.26192616577223, -155.35043260091888 19.23282923799402, -155.52735645066502 19.114369807158617, -155.5475964092995 19.083089947439984, -155.581348 19.012012, -155.62252068322505 18.96729817037974, -155.634835 18.948267, -155.881297 19.035898, -155.919636 19.123529, -155.89662683997742 19.280756859803695, -155.89205110907807 19.359627687399456, -156.062036 19.73147, -156.04650087619677 19.745762295745553, -156.048682 19.749951, -155.988428 19.831592, -155.908887 19.894727, -155.88922795958769 19.92123491051158, -155.82791480101105 20.03023656503932, -155.8373415694435 20.05017001530259, -155.897728 20.147717, -155.87582 20.26821, -155.8656801298922 20.2630406715379, -155.831641 20.27583, -155.62207 20.163428, -155.198779 19.994385, -155.086084 19.875635, -155.065918 19.748193, -154.989014 19.731982)), ((-156.67322867088757 20.883767322740127, -156.689697 20.901416, -156.69129477642062 20.910866618481005, -156.697361 20.919966, -156.6934879730741 20.923839062283726, -156.697754 20.949072, -156.656885 21.024512, -156.5854 21.034326, -156.532324 20.992676, -156.486816 20.932568, -156.46084 20.914746, -156.354395 20.941455, -156.35213345090744 20.941743814202454, -156.324929 20.952827, -156.3126411848596 20.946787227745435, -156.277539 20.95127, -156.14834 20.885498, -156.11061708984576 20.847487270033298, -156.00179 20.793996, -156.0072426584944 20.77824377713214, -155.989844 20.757129, -156.013574 20.714795, -156.03467129039367 20.699005012576936, -156.051082 20.651596, -156.379699 20.580396, -156.445422 20.60778, -156.45696036752344 20.730854515786966, -156.4750874211877 20.78603045288992, -156.51506855712822 20.795058557674345, -156.543848 20.78999, -156.59668092640305 20.81348737426961, -156.631638 20.821381, -156.67322867088757 20.883767322740127)), ((-156.880566 20.904834, -156.848291 20.877783, -156.809375 20.831152, -156.849609 20.772656, -156.908887 20.744482, -156.973389 20.75752, -156.988428 20.825684, -157.050586 20.912451, -156.941797 20.930029, -156.880566 20.904834)), ((-156.982162 21.210244, -157.00318371162646 21.18805440365902, -157.002295 21.187939, -156.952344 21.199707, -156.917188 21.177295, -156.742188 21.163525, -156.712158 21.155078, -156.7479 21.103564, -156.859863 21.056348, -157.020898 21.097803, -157.1734892460967 21.106182, -157.310779 21.106182, -157.25222539266036 21.20076910255302, -157.249951 21.229785, -157.226937159435 21.220660045158056, -156.982162 21.210244)), ((-157.9891104339727 21.315792734860604, -158.110412 21.303352, -158.1612640143535 21.403099811161972, -158.239111 21.489355, -158.238672 21.533057, -158.273145 21.585254, -158.123096 21.600244, -158.020361 21.691797, -157.9625 21.701367, -157.9571385296559 21.69421756774743, -157.951581 21.697691, -157.93825070007875 21.669030958609685, -157.851514 21.553369, -157.854346 21.511914, -157.82959 21.471436, -157.799365 21.456641, -157.76499 21.450928, -157.720898 21.457715, -157.705518 21.378076, -157.65415 21.333936, -157.6354 21.307617, -157.690869 21.279736, -157.798779 21.268604, -157.849316 21.29082, -157.8937306965744 21.332959842926595, -157.896811 21.325259, -157.98129571202054 21.31659421572355, -157.980957 21.316113, -157.9891104339727 21.315792734860604)), ((-160.234717 21.803662, -160.243457 21.843066, -160.220898 21.897266, -160.163867 21.944043, -160.100635 22.015234, -160.04873 22.004639, -160.076709 21.958105, -160.080029 21.907422, -160.153418 21.87876, -160.180029 21.841064, -160.200244 21.796875, -160.234717 21.803662)), ((-159.30188867787518 22.11960223354112, -159.298908 22.113939, -159.30072511432027 22.10576204085417, -159.300684 22.105273, -159.300938456707 22.104802006605873, -159.33177 21.966061, -159.37192119324382 21.933557719582094, -159.372754 21.932373, -159.37575942411013 21.930450586665803, -159.446786 21.872953, -159.45883088696712 21.877314096761374, -159.460693 21.876123, -159.47732184029783 21.884009123199174, -159.52632758331532 21.901752651033473, -159.608838 21.909521, -159.6378191399451 21.94212044094014, -159.764448 21.987969, -159.7603675658186 22.005456362202363, -159.78916 22.041797, -159.7302751363271 22.134422347358278, -159.726109 22.152277, -159.6815308036449 22.165555766433, -159.579199 22.223145, -159.49275250409332 22.221788255683926, -159.468693 22.228955, -159.3738493790854 22.219922117128213, -159.352051 22.21958, -159.304785 22.154053, -159.30188867787518 22.11960223354112)), ((-165.82049321785718 54.1760499076176, -165.73979 54.15404, -165.75674989401023 54.14798289104661, -165.704248 54.119922, -165.692871 54.099902, -165.737891 54.081104, -165.841553 54.070654, -165.879395 54.053027, -165.909863 54.04917, -165.93291 54.05918, -166.036426 54.047168, -166.03773247071592 54.04763190535735, -166.046499 54.044501, -166.05419226602513 54.05347649653863, -166.056641 54.054346, -166.07266333681372 54.07502612596601, -166.112222 54.121178, -166.10411525530338 54.127258043104185, -166.105811 54.144824, -166.087744 54.169141, -166.04126 54.19126, -166.00655427863157 54.20042859005612, -165.980775 54.219763, -165.94430593698746 54.209816919420824, -165.892871 54.206982, -165.82049321785718 54.1760499076176)), ((-165.6133625577668 54.137560498656704, -165.630251 54.132132, -165.685021 54.252625, -165.548097 54.29644, -165.53434804894712 54.27423023026196, -165.533789 54.273877, -165.487695 54.221875, -165.441748 54.208008, -165.407861 54.196826, -165.467578 54.180908, -165.561133 54.136719, -165.604834 54.12915, -165.6133625577668 54.137560498656704)), ((-162.554395 54.401367, -162.60699360281654 54.38812849005888, -162.612457 54.367641, -162.782242 54.373118, -162.79401098869357 54.43490411624026, -162.811719 54.444385, -162.820557 54.494531, -162.64541 54.462061, -162.6350052617784 54.45777419562202, -162.590549 54.449795, -162.5944393674405 54.435206299675656, -162.554395 54.401367)), ((-162.25421889580787 54.97210968534512, -162.238379 54.954736, -162.23374 54.932031, -162.24111802427547 54.91970679721032, -162.234548 54.893427, -162.26574385496457 54.87857197304241, -162.272559 54.867188, -162.298145 54.847021, -162.321924 54.842383, -162.33217170423754 54.84693996639262, -162.349564 54.838658, -162.37548745179964 54.86620168602621, -162.390771 54.872998, -162.415771 54.895898, -162.43025009434902 54.92438703279261, -162.437195 54.931766, -162.42181667018602 54.935960051273895, -162.293652 54.982861, -162.2646 54.983496, -162.26119811502076 54.979764707829496, -162.256456 54.981058, -162.25421889580787 54.97210968534512)), ((-159.394482 54.967334, -159.421338 54.978125, -159.458496 55.034961, -159.461914 55.058789, -159.39043 55.040869, -159.363184 54.999512, -159.362012 54.972412, -159.394482 54.967334)), ((-159.839404 55.182373, -159.854102 55.144678, -159.872998 55.12876, -159.933936 55.106836, -159.9440671123086 55.09207813467734, -159.950664 55.068689, -160.1606508922364 54.94869668576359, -160.16958 54.941699, -160.1774467774892 54.93909905269388, -160.257373 54.893427, -160.15761983452032 55.07445972305403, -160.17207 55.123047, -160.13374 55.120166, -160.13202310766965 55.120912837005505, -160.109495 55.161797, -160.0803151851653 55.15411802756771, -160.03877 55.192529, -159.981641 55.197754, -159.920459 55.267529, -159.8991622638751 55.271047255546506, -159.890418 55.28229, -159.89331663027696 55.27201296375216, -159.887354 55.272998, -159.871045 55.263574, -159.898242 55.221289, -159.839404 55.182373)), ((-159.534961 55.059619, -159.561475 55.080908, -159.617725 55.057324, -159.648486 55.074561, -159.6354 55.102344, -159.639648 55.123975, -159.597949 55.125684, -159.588037 55.165332, -159.595264 55.182031, -159.574756 55.217725, -159.545068 55.225977, -159.515137 55.151855, -159.52041 55.072168, -159.534961 55.059619)), ((-160.59284209296567 55.16248454648282, -160.609082 55.159033, -160.701807 55.177637, -160.7427935786723 55.17222618067253, -160.794113 55.134412, -160.79872736942949 55.14867467997346, -160.825488 55.173975, -160.84219921958862 55.28304300399886, -160.854359 55.320628, -160.79959 55.380875, -160.79218119412684 55.38029391094547, -160.789209 55.383105, -160.723926 55.404639, -160.695654 55.39834, -160.672168 55.379395, -160.66963281117194 55.37068216983559, -160.58990423364662 55.364428880907944, -160.573975 55.378271, -160.552783 55.380762, -160.55249 55.363379, -160.55348350729201 55.361572322670995, -160.520266 55.358967, -160.33405 55.358967, -160.3349484961004 55.34099724204097, -160.329297 55.337695, -160.33739280780657 55.29211145420393, -160.339527 55.249428, -160.525743 55.128935, -160.59284209296567 55.16248454648282)), ((-155.634835 55.923092, -155.6021948220924 55.92084092490256, -155.593945 55.924316, -155.573242 55.921094, -155.57262087624895 55.91880131674818, -155.476004 55.912138, -155.530773 55.704014, -155.793666 55.731399, -155.837482 55.802599, -155.634835 55.923092)), ((-154.564930328498 56.58303661215922, -154.53397 56.602232, -154.54681561149957 56.58972449587776, -154.517529 56.600537, -154.463379 56.598193, -154.444873 56.573193, -154.511182 56.521436, -154.682813 56.435791, -154.71706229092482 56.423958853285775, -154.742094 56.399586, -154.807817 56.432447, -154.76830218087264 56.456946167657634, -154.760938 56.471143, -154.729346 56.502148, -154.62373 56.561328, -154.564930328498 56.58303661215922)), ((-160.715137 58.795215, -160.918994 58.5771, -160.992383 58.561035, -161.070264 58.569141, -161.131494 58.668213, -161.08457 58.671289, -160.98623 58.736426, -160.768604 58.789209, -160.715137 58.795215)), ((-162.612457 63.62367, -162.415287 63.634624, -162.563165 63.536039, -162.612457 63.62367)), ((-133.251172 55.175146, -133.324854 55.185498, -133.417969 55.210693, -133.423238325522 55.217994044533945, -133.453227 55.216566, -133.453227 55.2595455954799, -133.453809 55.260352, -133.453227 55.26137365026661, -133.453227 55.320628, -133.277964 55.331582, -133.102702 55.42469, -133.17938 55.588998, -133.2298251156365 55.59696313307057, -133.24375 55.59541, -133.298242 55.606885, -133.29930613629753 55.60793397868092, -133.387503 55.62186, -133.39606665143947 55.690368429732544, -133.502734 55.695898, -133.553271 55.691162, -133.640479 55.748779, -133.680176 55.785156, -133.664404 55.803809, -133.584082 55.836523, -133.537158 55.831934, -133.446973 55.797021, -133.411719 55.79834, -133.40969402088882 55.799386141273196, -133.420365 55.884753, -133.49298905303937 56.00925205316935, -133.5150501498758 56.004425401554506, -133.639442 55.923092, -133.65144289553336 55.95549397971129, -133.684229 55.942773, -133.742529 55.964844, -133.755176 55.999463, -133.68371313068852 56.042622436239334, -133.694212 56.070969, -133.546335 56.142169, -133.666827 56.311955, -133.595627 56.350293, -133.162949 56.317431, -133.1356229963819 56.26961080549793, -133.104492 56.235107, -133.081738 56.194189, -133.0773837049173 56.16769271003028, -133.05341 56.125739, -132.82939369423258 56.01514842934878, -132.757568 55.99502, -132.64097342717568 55.922130625199685, -132.620732 55.912138, -132.6106410239947 55.9031682511329, -132.597607 55.89502, -132.533789 55.84248, -132.50971191940928 55.813453567336516, -132.472854 55.780691, -132.470130552439 55.753456773015785, -132.430176 55.687012, -132.39805689338456 55.657711830325916, -132.357838 55.649245, -132.35419871989998 55.61770287428365, -132.288867 55.558105, -132.214746 55.518848, -132.172705 55.480615, -132.196338 55.47915, -132.295898 55.507471, -132.34369444772656 55.52666094721312, -132.341408 55.506844, -132.166146 55.364444, -132.144238 55.238474, -132.029222 55.276813, -132.00608385729453 55.23053624517935, -132.005078 55.230615, -131.976416 55.208594, -131.98044158036683 55.17925117111222, -131.97993 55.178228, -131.958022 54.789365, -132.029222 54.701734, -132.308546 54.718165, -132.385223 54.915335, -132.483808 54.898904, -132.686455 55.046781, -132.70235751639552 55.03376989821451, -132.70415 55.030078, -132.70626200941044 55.03057532480399, -132.746701 54.997489, -132.916486 55.046781, -132.89645316076746 54.938601180865106, -132.86939919222098 54.9036597560481, -132.73027 54.937242, -132.69182142643766 54.91700588920502, -132.648877 54.90708, -132.617236 54.892432, -132.634033 54.840479, -132.646973 54.756152, -132.66017243908635 54.742844073591336, -132.675501 54.679826, -132.867194 54.701734, -133.157472 54.95915, -133.239626 55.090597, -133.23359098189638 55.140888082940926, -133.251172 55.175146)), ((-133.566699 55.527197, -133.49265039675896 55.52396613228348, -133.414888 55.572568, -133.3562777496205 55.5554732135895, -133.345557 55.559082, -133.305078 55.54375, -133.30184860995135 55.53959792708031, -133.283441 55.534229, -133.29117568380366 55.52587559346185, -133.283203 55.515625, -133.281689 55.497852, -133.34328374817505 55.46959923405771, -133.420365 55.386352, -133.45002953156984 55.39243695021434, -133.463086 55.37666, -133.493457 55.36167, -133.547363 55.317236, -133.650195 55.269287, -133.63501 55.41333, -133.737109 55.496924, -133.7012886039089 55.51166370303384, -133.738027 55.556137, -133.65903101820925 55.52905223951331, -133.634229 55.539258, -133.566699 55.527197)), ((-133.836612 56.322908, -133.957105 56.092877, -133.98811329365182 56.10284387931639, -133.993994 56.101123, -134.00718768960454 56.10897489073638, -134.0709688063122 56.129475815425366, -134.1200580196291 56.07977624871345, -134.132367 55.999769, -134.230952 56.070969, -134.291198 56.350293, -134.115936 56.48174, -134.25286 56.558417, -134.2588661635986 56.56509052413532, -134.290234 56.580029, -134.28553121887313 56.594718403400165, -134.400737 56.722725, -134.417168 56.848695, -134.296675 56.908941, -134.28994871559402 56.90572408369263, -134.274414 56.918164, -134.14885712832242 56.931719914533936, -134.143321 56.952757, -133.748981 56.772017, -133.710643 56.596755, -133.847566 56.574848, -133.87647294982426 56.50980728042758, -133.883594 56.485498, -133.870459 56.388672, -133.87682829202433 56.34525061108863, -133.836612 56.322908)), ((-154.1104 56.60293, -154.102246 56.581641, -154.107178 56.557812, -154.115967 56.543896, -154.149805 56.52959, -154.208643 56.514893, -154.257812 56.512695, -154.332129 56.539014, -154.322217 56.570605, -154.216748 56.60874, -154.1104 56.60293)), ((-133.201287 56.448878, -133.3051067370889 56.46964213697535, -133.382764 56.473877, -133.48418 56.451758, -133.5867524807302 56.46244135416862, -133.66135 56.448878, -133.710643 56.684386, -133.69274187273268 56.8096930737666, -133.7208133690326 56.8387130825455, -133.869474 56.843218, -133.907813 56.930849, -134.050213 57.029434, -133.885905 57.095157, -133.343688 57.002049, -133.26477944858433 57.00384239105219, -133.263525 57.00498, -133.23895080569733 57.00442941053503, -133.102702 57.007526, -133.07280463104127 56.97473530318922, -133.070801 56.974268, -132.99624 56.93042, -132.95415 56.880273, -132.950586 56.850439, -132.95210411301196 56.84235395227279, -132.932917 56.82131, -132.84700731962485 56.77910876315565, -132.842529 56.794775, -132.66088517745516 56.68768036335973, -132.620732 56.667956, -132.62379103109654 56.657249158437025, -132.598682 56.635742, -132.567969 56.57583, -132.634229 56.553467, -132.66276777388123 56.54957593113391, -132.75384282119202 56.51618189493187, -132.757617 56.511035, -132.76757723544512 56.51114596532958, -132.817901 56.492694, -133.042456 56.520078, -133.201287 56.448878)), ((-134.806031 56.235277, -135.178463 56.67891, -135.413971 56.810356, -135.331817 56.914418, -135.424925 57.166357, -135.50955668706942 57.231594026050736, -135.6047979446372 57.07810482029116, -135.633049 57.023957, -135.857603 56.996572, -135.824742 57.193742, -135.857603 57.330665, -135.715203 57.330665, -135.71298339769868 57.3279521460718, -135.680908 57.332568, -135.65403999763498 57.34296674969184, -135.687818 57.369004, -135.61113979463926 57.42533906632998, -135.709726 57.369004, -135.890465 57.407343, -135.9730555024363 57.510580562558395, -135.99668 57.534863, -136.00276748472115 57.54550229439862, -136.208128 57.637374, -136.366959 57.829067, -136.569606 57.916698, -136.5659474327279 57.969746557457945, -136.568604 57.972168, -136.5653796128629 57.97797984182679, -136.558652 58.075529, -136.51291716280258 58.093823068485456, -136.512305 58.095996, -136.50229311625412 58.098072718141175, -136.421728 58.130299, -136.377913 58.267222, -136.279328 58.206976, -135.978096 58.201499, -135.8970831881444 58.23750464850494, -135.881738 58.247168, -135.86875897728345 58.25009317070383, -135.780926 58.28913, -135.496125 58.168637, -135.60918106228758 58.07173264628834, -135.615381 58.057471, -135.62996750325843 58.05391585179286, -135.64948 58.037191, -135.60348504291778 57.995795538626005, -135.5766238761708 58.00667988075572, -135.45231 58.135776, -135.36270351861785 58.12297492569195, -135.346631 58.124121, -135.162842 58.09585, -135.152325734304 58.0929206080999, -135.107263 58.086483, -135.0863835591444 58.074551875379484, -135.0021 58.051074, -134.954688 58.015332, -134.94563102897663 57.99412175324645, -134.91557 57.976944, -134.92841955697355 57.9538147270635, -134.927979 57.952783, -134.970654 57.817236, -135.0080057467745 57.81055914948437, -135.025108 57.779775, -134.937477 57.763344, -134.822462 57.500451, -134.92950028938648 57.484841071334, -134.931494 57.481152, -134.9414691393277 57.48309559413265, -135.085355 57.462112, -135.54945770310346 57.66548344650722, -135.564209 57.666406, -135.57190009556373 57.66368698538736, -135.55700757116824 57.465109720657125, -135.4877891906247 57.5159640936935, -135.487305 57.516504, -135.4866278672824 57.51681731172607, -135.419448 57.566174, -135.37140348016607 57.53341649971004, -135.346289 57.533105, -135.15893508982717 57.444944178472916, -135.063447 57.418296, -134.849846 57.407343, -134.844369 57.248511, -134.74372759349308 56.99690675838226, -134.676855 56.842285, -134.634082 56.762109, -134.620703 56.718311, -134.610547 56.603418, -134.624316 56.578711, -134.636246 56.568844023765195, -134.636246 56.45136630002758, -134.631689 56.435645, -134.630029 56.302441, -134.64043118198416 56.26992154465511, -134.669107 56.169554, -134.806031 56.235277)), ((-153.2354 57.028613, -153.29541 57.000439, -153.29877511437962 57.00262571462451, -153.312612 56.991095, -153.498828 57.067772, -153.695998 56.859649, -153.78731067528628 56.84660416197705, -153.93651430935893 56.78834925457041, -154.013661 56.744633, -154.02251836513216 56.77764692241617, -154.027344 56.777979, -154.050781 56.788477, -154.07002 56.804541, -154.07085 56.820654, -154.03921803036607 56.83989133079075, -154.073907 56.969187, -154.303938 56.848695, -154.31460783433008 56.91804794908729, -154.338965 56.920898, -154.35791302235987 56.93461265289935, -154.523016 56.991095, -154.53345022922332 57.11978255702142, -154.5693115007875 57.20584920216779, -154.742094 57.275896, -154.70803604152636 57.34563344247942, -154.712207 57.36626, -154.673193 57.446094, -154.64943922155584 57.46561692197459, -154.627078 57.511404, -154.56644238480453 57.53383094408661, -154.535303 57.559424, -154.44753587470103 57.577810206852035, -154.227261 57.659282, -153.980799 57.648328, -153.958891 57.538789, -153.82158210332258 57.60216252235967, -153.838135 57.63584, -153.799463 57.64668, -153.73297704180237 57.643057285796765, -153.69291339478463 57.66154825390974, -153.693164 57.663428, -153.71926452929046 57.67504166283536, -153.931507 57.69762, -153.936983 57.812636, -153.89073808094426 57.82923675682789, -153.841553 57.862842, -153.805811 57.875098, -153.768994 57.880371, -153.7536210386131 57.8784583085827, -153.723383 57.889313, -153.570028 57.834544, -153.5541666373279 57.751268768836724, -153.53038576815766 57.73504630256387, -153.46049 57.796205, -153.4569476674501 57.90601601551668, -153.465039 57.909375, -153.51709 57.941895, -153.520068 57.955762, -153.481055 57.971045, -153.45508878070012 57.9636408259685, -153.455013 57.96599, -153.43628900580094 57.95828013777977, -153.346973 57.932812, -153.29083173103615 57.89838610366272, -153.268797 57.889313, -153.235935 57.998852, -153.1658027937355 57.97079920286096, -153.160449 57.971973, -152.943262 57.936035, -152.9363873979826 57.933129, -152.874457 57.933129, -152.721103 57.993375, -152.469163 57.889313, -152.469163 57.83826224642564, -152.42876 57.825684, -152.411914 57.805908, -152.419141 57.782324, -152.469163 57.74616206275373, -152.469163 57.69249772055888, -152.411475 57.646094, -152.23727647710308 57.615027375366346, -152.151501 57.620943, -152.359625 57.42925, -152.53520743307521 57.464366944594445, -152.630957 57.471826, -152.72009021113521 57.485652678347634, -152.60061 57.379958, -152.710149 57.275896, -152.88352620621458 57.31923986188938, -152.90771876391645 57.310796717976515, -152.912061572449 57.154457989556136, -152.908398 57.152441, -152.907764 57.139746, -152.9125242954334 57.13780021557217, -152.912796 57.128019, -153.17268424918478 57.08076596359985, -153.2354 57.028613)), ((-134.099505 57.850975, -134.14330205509668 57.76824811776636, -134.09178362204 57.71985732572001, -133.935197 57.615466, -133.869474 57.363527, -133.91340334201507 57.35001035848027, -133.925293 57.336768, -134.02323399239688 57.316216509972804, -134.083075 57.297804, -134.154275 57.210173, -134.2418655803898 57.164292195619524, -134.260156 57.146777, -134.435303 57.056982, -134.45263548596967 57.05388885356873, -134.499322 57.029434, -134.603384 57.034911, -134.6472 57.226604, -134.575999 57.341619, -134.608861 57.511404, -134.729354 57.719528, -134.71158832927333 57.80835554271175, -134.75111924774052 57.98192365187898, -134.75967406853397 58.011865580440876, -134.781494 58.077832, -134.80045559503236 58.111728005121776, -134.91557 58.212453, -134.953908 58.409623, -134.83939350669016 58.32113437669903, -134.836963 58.320166, -134.83066481598854 58.31438946781387, -134.712923 58.223407, -134.373353 58.14673, -134.176183 58.157683, -134.18505407481942 58.09558628611208, -134.070166 57.994531, -133.965527 57.873779, -133.9514167859879 57.85435204356526, -133.902336 57.807159, -133.91998875008878 57.81108189304044, -133.904102 57.789209, -133.869287 57.70752, -133.822754 57.628662, -133.826904 57.617578, -133.925 57.670801, -133.995557 57.778467, -134.031641 57.820605, -134.067236 57.8396, -134.0722546987671 57.844919285365236, -134.099505 57.850975)), ((-152.3080696669356 58.13972593870541, -152.309229 58.133887, -152.381152 58.124268, -152.451611 58.129248, -152.537646 58.100977, -152.54235476277378 58.105014620344086, -152.655379 58.059098, -152.70959658624983 58.05284224913622, -152.763867 58.031396, -152.781543 58.015918, -152.840723 58.013818, -152.928418 57.993701, -152.9441248477148 57.99467821828165, -152.945657 57.982421, -153.290705 58.048145, -153.28115846140153 58.05811579391171, -153.305469 58.063086, -153.381348 58.087207, -153.11582 58.238525, -153.10347717302588 58.24369337159481, -153.044242 58.305561, -152.819688 58.327469, -152.7960461124183 58.3637759587597, -152.843945 58.395605, -152.841113 58.416406, -152.74952943478178 58.43521184097299, -152.666333 58.562977, -152.5597259049479 58.432297051532096, -152.543555 58.428174, -152.478467 58.399707, -152.4471082704372 58.379572864781395, -152.354148 58.426053, -152.32307882346112 58.413004029810004, -152.31626 58.413477, -152.197949 58.363086, -152.125244 58.374268, -152.078516 58.312354, -152.036621 58.306689, -151.997754 58.314209, -151.974365 58.309863, -151.98252 58.244336, -152.068896 58.17793, -152.080301 58.17316292228637, -152.080301 58.152206, -152.3080696669356 58.13972593870541)), ((-152.604883 58.566406, -152.463184 58.618506, -152.395508 58.619385, -152.36792 58.611084, -152.356836 58.594971, -152.362256 58.57085, -152.392822 58.540869, -152.486084 58.48501, -152.515527 58.478613, -152.588623 58.509229, -152.636621 58.541699, -152.604883 58.566406)), ((-144.248975 59.982129, -144.403223 59.921094, -144.565625 59.818408, -144.613574 59.812646, -144.541553 59.878223, -144.444922 59.950684, -144.353955 59.996191, -144.235742 60.015186, -144.248975 59.982129)), ((-147.80281 59.937689, -147.67023397257398 59.995072556599865, -147.606689 60.036621, -147.46582 60.097021, -147.336523 60.185352, -147.205225 60.311328, -147.180859 60.358252, -147.12002 60.363086, -147.019873 60.332227, -146.957861 60.288867, -146.986719 60.254346, -147.08301712067066 60.202369839896406, -147.079854 60.200582, -147.35379583556437 60.036928832390174, -147.376514 59.991162, -147.403809 59.969971, -147.447559 59.960254, -147.479395 59.933691, -147.499316 59.890186, -147.52598687968054 59.875417875435694, -147.53444 59.850058, -147.874011 59.784335, -147.86007141497225 59.814358330042324, -147.872461 59.828369, -147.82660386856136 59.88644133607167, -147.80281 59.937689)), ((-147.791856 60.474429, -147.561825 60.578491, -147.616594 60.370367, -147.758995 60.156767, -147.956165 60.227967, -147.791856 60.474429)), ((-152.069043 60.358057, -152.004492 60.407422, -151.959717 60.50376, -151.899414 60.490381, -151.887305 60.472705, -151.986914 60.373975, -152.020752 60.361719, -152.069043 60.358057)), ((-97.202246 26.299805, -97.170703 26.159375, -97.184521 26.112939, -97.267334 26.329785, -97.4021 26.820508, -97.407178 27.100195, -97.385986 27.196484, -97.351221 26.801465, -97.202246 26.299805)), ((-97.353613 27.300049, -97.384814 27.242529, -97.376221 27.328271, -97.29502 27.523096, -97.130029 27.77915, -97.060547 27.822021, -97.250879 27.541211, -97.353613 27.300049)), ((-96.921338 28.016016, -97.014355 27.901611, -97.036035 27.89917, -96.987646 27.981055, -96.978662 28.013867, -96.899316 28.11748, -96.857422 28.13291, -96.839746 28.088818, -96.921338 28.016016)), ((-96.453125 28.340576, -96.418652 28.376318, -96.403564 28.381592, -96.41333 28.337793, -96.543896 28.275586, -96.764404 28.152588, -96.801123 28.148438, -96.755615 28.202441, -96.681641 28.229687, -96.519336 28.333447, -96.453125 28.340576)), ((-95.081782 29.113469, -95.383014 28.867006, -95.63166157012364 28.75850521961596, -95.655859 28.744629, -95.732373 28.711719, -95.853418 28.640332, -96.02041 28.586816, -96.180518 28.501855, -96.234521 28.488965, -96.132275 28.560889, -96.01806587679391 28.62781400130466, -96.02228557035592 28.630882869349755, -96.115039 28.622217, -96.11592884310677 28.622399683646865, -96.226463 28.582205, -96.23194 28.642452, -96.41861208674517 28.60926544729481, -96.44873 28.594482, -96.4595192795651 28.601992968938724, -96.478402 28.598636, -96.51975178604503 28.643923895145836, -96.526025 28.648291, -96.559717 28.684473, -96.56345556375055 28.691789973583298, -96.58787468873217 28.718534749735618, -96.60120761280528 28.72160995299617, -96.63911645888993 28.70702942279915, -96.60164546744515 28.635560410177753, -96.401725 28.439805, -96.52278983131221 28.38792016251703, -96.561719 28.367139, -96.58187551173056 28.36259777208499, -96.593418 28.357651, -96.59812916546163 28.358935851459478, -96.676367 28.341309, -96.7467115847181 28.39945795576452, -96.774157 28.406943, -96.801542 28.226204, -96.80667297331698 28.221949035371477, -96.806885 28.220215, -96.839502 28.194385, -96.84227414422993 28.192426035813558, -97.026096 28.039988, -97.256128 27.694941, -97.404005 27.333463, -97.43136315829136 27.34030260201215, -97.439111 27.328271, -97.479785 27.316602, -97.52330422934297 27.313999255561612, -97.53668279690395 27.24978261980525, -97.50022458829177 27.241030933031542, -97.425913 27.262263, -97.480682 26.99937, -97.54449872095498 26.99025320668074, -97.554688 26.967334, -97.526514 26.90752, -97.4992968322068 26.784474108702977, -97.469728 26.758384, -97.46032894045187 26.654991942347934, -97.435059 26.48584, -97.41505295247606 26.431226517309486, -97.332805 26.353091, -97.31799248070546 26.24940444673625, -97.213916 26.067871, -97.150391 26.065332, -97.140186 26.029736, -97.14624 25.961475, -97.281787 25.941602, -97.338672 25.911182, -97.349756 25.884766, -97.358154 25.870508, -97.375635 25.871826, -97.440283 25.89082, -97.4662489670031 25.907314068158165, -97.524498 25.887551, -97.62752788595901 25.995060517339716, -97.801416 26.042041, -98.05605779856015 26.06232214112969, -98.198161 26.057336, -98.4454158271485 26.20871635599774, -98.48154813987564 26.22286161795288, -98.669178 26.238075, -98.80702918730108 26.356233032129143, -98.86685087024615 26.378851999494696, -98.88558319193798 26.382795613006554, -99.015283 26.398975, -99.107764 26.446924, -99.14465750282027 26.514184390891003, -99.173057 26.539307, -99.2549699931348 26.804318952087772, -99.29104722286954 26.865420222869528, -99.446904 27.021277, -99.44449722688292 27.03812430196141, -99.456494 27.056641, -99.456543 27.056689, -99.457715 27.081689, -99.440234 27.170117, -99.455127 27.233691, -99.499805 27.285498, -99.510059 27.340332, -99.5041948580995 27.354306522060682, -99.48451971827802 27.456615812204085, -99.484277 27.467383, -99.49187413925873 27.496608070228962, -99.605735 27.640172, -99.709797 27.656603, -99.879582 27.799003, -99.91046399670354 27.900914322138426, -100.001416 28.047852, -100.09190821092359 28.15025463516791, -100.29583 28.280974, -100.399891 28.582205, -100.498476 28.66436, -100.629923 28.905345, -100.6688983244531 29.080736183896285, -100.75459 29.18252, -100.924121 29.314697, -100.9345873835013 29.324459365146502, -101.013309 29.370885, -101.062601 29.458516, -101.259771 29.535193, -101.413125 29.754271, -101.68336644457293 29.784672823290993, -101.752344 29.782471, -101.990918 29.795703, -102.00049234738788 29.7973457895787, -102.114174 29.792609, -102.32947639218365 29.866126913399295, -102.34066795327826 29.865190621790333, -102.388021 29.765225, -102.629006 29.732363, -102.77253196385533 29.56709043734653, -102.833984 29.443945, -102.877832 29.315332, -102.865674 29.258008, -102.891992 29.216406, -102.91350503631381 29.20777178912364, -102.919284 29.190146, -102.96145484611526 29.18631222308247, -103.00507036571533 29.14789097782645, -103.116454 28.987499, -103.280762 28.982022, -103.42660647039897 29.07276959157015, -103.56172101117689 29.14911376951775, -104.146119 29.381839, -104.26581761565402 29.512419488607186, -104.26944592081725 29.51476689096192, -104.34368235481521 29.553572313645073, -104.400635 29.57373, -104.4205397539517 29.593747786781368, -104.507597 29.639255, -104.677382 29.924056, -104.68008695582515 29.987621721077954, -104.681348 29.990527, -104.681348 30.017255913821458, -104.6868023618261 30.14543192293464, -104.72942996759657 30.231845359908526, -104.858121 30.389596, -104.88912847326444 30.5357762835396, -104.917871 30.58335, -104.978809 30.645947, -105.098145 30.720557, -105.19590285295698 30.768267079594352, -105.394861 30.855136, -105.49791104822046 30.969033030819123, -105.514014 30.980762, -105.67235908049653 31.118735090285433, -105.77277 31.167321, -105.89895813974428 31.30498091575355, -106.01153687955915 31.388459092286958, -106.205448 31.468553, -106.2816067792511 31.582791168876653, -106.346973 31.679004, -106.41478737964108 31.744067337068003, -106.48572110505793 31.77033926488067, -106.673047 31.771338, -106.892871 31.772461, -107.112695 31.773633, -107.33252 31.774756, -107.552344 31.775879, -107.772217 31.777051, -107.992041 31.778174, -108.210008 31.779336358430214, -108.210008 31.331629, -108.21444065597767 31.331629, -108.214453 31.329443, -108.567871 31.328809, -108.921338 31.328125, -109.274756 31.327441, -109.628223 31.326807, -109.981641 31.326172, -110.335107 31.325537, -110.688525 31.324854, -111.041992 31.324219, -111.06572745421386 31.331629, -111.074448 31.331629, -111.56163214158782 31.486435230217467, -111.990479 31.620215, -112.464746 31.768262, -112.938965 31.91626, -113.01831445796313 31.941032202722937, -114.815198 32.492741, -114.81186179942388 32.50078710972386, -114.835938 32.508301, -114.787988 32.564795, -114.724756 32.715332, -114.839062 32.704736, -115.125195 32.683301, -115.411377 32.661865, -115.69751 32.640479, -115.983691 32.619043, -116.269824 32.597607, -116.555957 32.576221, -116.84209 32.554785, -117.128271 32.53335, -117.130469 32.539746, -117.13054903053802 32.541009127303084, -117.24334461140995 32.66405893699223, -117.243457 32.664014, -117.2434975719214 32.664225803120104, -117.24696 32.668003, -117.24739619697623 32.68457832581332, -117.270703 32.80625, -117.255762 32.873389, -117.25805807499161 32.89419475675341, -117.3243555987878 33.107294125662676, -117.4357701766165 33.253857564308966, -117.471515 33.297851, -117.52051422580556 33.335674977547775, -117.788525 33.538477, -117.9521 33.619629, -118.01031769021654 33.66611456851154, -118.15919855445412 33.7497326799697, -118.161914 33.750684, -118.19631089167753 33.75333869229358, -118.260194 33.703145, -118.413548 33.741483, -118.4048249541411 33.78073810001366, -118.39513796898025 33.844111376618656, -118.55263689626308 34.02621979211709, -118.598828 34.03501, -118.61136430161368 34.03444302456178, -118.802411 33.998899, -119.03418118984766 34.08123864399659, -119.14375 34.112012, -119.18248373431882 34.133925224283594, -119.218659 34.146777, -119.22396761385387 34.15739431582335, -119.23584 34.164111, -119.25413083816946 34.21772126512222, -119.27640781375217 34.26227558605452, -119.413672 34.338574, -119.59746435894529 34.41447051977591, -119.63003049596288 34.4139090275847, -119.713184 34.399658, -119.83519667543608 34.41037163512046, -119.875891 34.40967, -120.134423403219 34.47430285495149, -120.1445073395723 34.47492388672395, -120.472878 34.448009, -120.64814 34.579455, -120.63125184942432 34.702495918422564, -120.637598 34.749365, -120.624902 34.811963, -120.64501825798263 34.88439155126009, -120.670048 34.902595, -120.66182269819676 34.94489590850678, -120.663037 34.949268, -120.65013147042771 35.00502130791724, -120.63555281071949 35.07999613136097, -120.65323561948263 35.11187277975394, -120.77874093291351 35.182469846771816, -120.857373 35.209668, -120.86677138926999 35.231987208683634, -120.894602 35.247642, -120.904309059666 35.4272208314894, -120.97164053076258 35.457631800121455, -121.004141 35.461243, -121.02213751182626 35.480439293885226, -121.022852 35.480762, -121.03687052173746 35.496154516412766, -121.14328639926279 35.60966487212794, -121.27425183904103 35.67177199974921, -121.283465 35.674843, -121.28606131991317 35.680612664184224, -121.343848 35.792236, -121.43374 35.863867, -121.46360380960114 35.924575107799114, -121.716143 36.195153, -121.896882 36.315645, -121.935221 36.638785, -121.87469526018644 36.6171683824381, -121.84525570567581 36.647176306234336, -121.79356398802324 36.786346817919416, -121.794531 36.800977, -121.79864133311912 36.816997446608994, -121.90068625833487 36.94259153146269, -122.02835665873849 36.96602827699306, -122.105006 36.956447, -122.15166551996145 36.98866436486453, -122.164209 36.990967, -122.18983233965763 37.015017708338405, -122.335038 37.115279, -122.417192 37.241248, -122.40498578444505 37.3307595045258, -122.40837428494493 37.37225454299478, -122.515777 37.520572, -122.515777 37.783465, -122.48391516069164 37.783465, -122.445605 37.797998, -122.384082 37.788525, -122.38474311249237 37.783465, -122.329561 37.783465, -122.35697421323871 37.91465708711887, -122.365479 37.921191, -122.385449 37.960596, -122.3688499704482 37.97149118974163, -122.40417065057447 38.14052623513639, -122.483887 38.108838, -122.494922 37.953564, -122.466895 37.838184, -122.521338 37.826416, -122.58418 37.874072, -122.67003792726086 37.89921754939263, -122.701993 37.893004, -122.937501 38.029928, -122.9403032561119 38.04714163969855, -122.998779 37.988623, -123.001465 38.019287, -122.968164 38.097021, -122.977588 38.227344, -122.96803380294351 38.21748425748243, -122.97584 38.265436, -122.97952206095016 38.269907084300996, -122.986523 38.2771, -123.046191 38.305078, -123.11072370965849 38.42922373868153, -123.129194 38.451652, -123.16153900067911 38.47000999492768, -123.289746 38.53584, -123.30458288985113 38.55119716254925, -123.331841 38.566668, -123.40910636807199 38.65938587739154, -123.424805 38.675635, -123.701123 38.907275, -123.70278168219438 38.92563070450358, -123.737134 38.95553, -123.70938421342935 38.99869721039246, -123.71936214266448 39.109117350680336, -123.824765 39.366301, -123.78743464356712 39.48168641402759, -123.777783 39.514941, -123.7831157041754 39.611794034349565, -123.83615463917613 39.78085575314938, -123.884473 39.860791, -124.108496 40.094531, -124.19481172193703 40.15757643550818, -124.361506 40.259042, -124.410798 40.439781, -124.34017295850039 40.56260750039613, -124.324512 40.598096, -124.283691 40.710547, -124.253906 40.740283, -124.24407072235176 40.72974228850731, -124.21827020247963 40.77461288252052, -124.22251 40.775049, -124.219189 40.790723, -124.199902 40.82207, -124.133105 40.969775, -124.13763220921165 41.09130125211868, -124.158859 41.14083, -124.07044319251006 41.42688041571087, -124.071924 41.459521, -124.08662276386731 41.51163363090986, -124.1231709554759 41.633461084563244, -124.163232 41.718994, -124.18796839822112 41.73994625837998, -124.257444 41.781632, -124.21601016865901 41.988798319807636, -124.30512364220081 42.07460920283121, -124.356029 42.115725, -124.36679250219794 42.161085644003265, -124.41001 42.304346, -124.420508 42.381006, -124.4201560104676 42.385975559652806, -124.432706 42.438865, -124.41981168080441 42.6150850080729, -124.443799 42.670215, -124.539648 42.812891, -124.53768339167347 42.818822237889, -124.553198 42.838681, -124.50387899880576 42.92087916856745, -124.498584 42.936865, -124.454443 43.012354, -124.44226300513299 43.049539114079494, -124.383413 43.271359, -124.235536 43.55616, -124.169813 43.8081, -124.060274 44.657025, -124.076705 44.772041, -124.02657992050011 44.9614022984562, -123.96657949566367 45.299443680729425, -123.95611824883305 45.43992164385563, -123.963086 45.476074, -123.95065912437886 45.513229032180966, -123.939781 45.659305, -123.994551 45.944106, -123.94899444316405 46.10102210490226, -123.947119 46.140576, -123.975244 46.17832, -123.989307 46.219385, -123.962939 46.225439, -123.91167 46.182178, -123.7598753413151 46.18245794746684, -123.545441 46.261769, -123.57957777515992 46.26901021425291, -123.650342 46.267725, -123.6761041858755 46.28948574006872, -123.70954358477258 46.296579024386524, -123.7503349390744 46.29026703234818, -123.874058 46.239861, -123.99336507137134 46.29440132213665, -124.072754 46.279443, -124.05940314242764 46.324590125091035, -124.065751 46.327492, -124.0461749334133 46.39740601291944, -124.050195 46.490527, -124.044336 46.605078, -124.016406 46.521387, -123.98815784536596 46.485678691979544, -123.91511616407233 46.525242982320115, -123.912402 46.53335, -123.90944579492925 46.549460185623474, -124.098612 46.74374, -124.22992687429502 47.263744945777376, -124.24902903754926 47.29765094397726, -124.31769 47.357157, -124.42454774419564 47.73115861692354, -124.43445204835744 47.74596026795128, -124.624399 47.88842, -124.63538154618638 47.92795724648046, -124.663086 47.974121, -124.70166 48.15166, -124.70013823683063 48.16108180574093, -124.706553 48.184175, -124.6922501048702 48.20992018511894, -124.67998 48.285889, -124.709961 48.380371, -124.632617 48.375049, -124.60592245364434 48.365309799705535, -124.597014 48.381345, -124.41425954720216 48.29737681102557, -124.175488 48.242432, -124.098779 48.2, -123.975781 48.168457, -123.90974490202838 48.16371509590508, -123.704273 48.167744, -123.52480448428886 48.136073387820474, -123.38464532137704 48.12600887266942, -123.162056 48.167744, -123.1400515289137 48.15243659501656, -123.124414 48.150928, -123.024219 48.081592, -123.01782500083569 48.08053767980885, -122.88425790159663 48.08364393098729, -122.860889 48.090039, -122.778613 48.137598, -122.767529 48.12002, -122.769092 48.075977, -122.739746 48.013232, -122.679492 47.931787, -122.67083013331904 47.91259337086386, -122.636269 47.866512, -122.58923422118794 47.87292593993511, -122.592676 47.916406, -122.585742 47.927881, -122.532813 47.919727, -122.52476477134205 47.881717374473645, -122.515777 47.882943, -122.51080126418697 47.81577147500232, -122.510791 47.815723, -122.51079628962877 47.815704319374966, -122.493869 47.587189, -122.46767337694696 47.488451000640936, -122.44209 47.446143, -122.394141 47.395264, -122.39873 47.37251, -122.43274581657357 47.35680009748127, -122.422669 47.318818, -122.40813602955966 47.32285497718222, -122.353809 47.371582, -122.351123 47.395215, -122.35554078016867 47.419602260087835, -122.422669 47.576235, -122.39803804035132 47.778206170821626, -122.401807 47.784277, -122.392871 47.820557, -122.330322 47.898633, -122.318457 47.933057, -122.2541168485883 47.998423699305796, -122.24353247054354 48.01324188010278, -122.261279 48.042041, -122.31748 48.080176, -122.352979 48.113818, -122.35746044506476 48.12041454952673, -122.362422 48.123929, -122.36270207455476 48.12813006718495, -122.388672 48.166357, -122.41582 48.183936, -122.424707 48.175928, -122.386621 48.089941, -122.394775 48.084131, -122.494043 48.130469, -122.516992 48.159668, -122.52915 48.199316, -122.520312 48.229102, -122.467041 48.258496, -122.403369 48.269189, -122.408545 48.293896, -122.488428 48.374316, -122.54165 48.410937, -122.582568 48.428662, -122.637793 48.433301, -122.6625 48.446387, -122.668994 48.465234, -122.657275 48.48999, -122.627979 48.4979, -122.542676 48.487988, -122.496777 48.505566, -122.501074 48.5375, -122.514795 48.555176, -122.512744 48.669434, -122.54485929108866 48.76156568994825, -122.59687419875883 48.76874025031265, -122.599414 48.76709, -122.653027 48.763867, -122.685937 48.794287, -122.69979459689027 48.816573585295544, -122.795101 48.8907, -122.7718166250613 48.95722617821045, -122.78877 48.993018, -122.7592893730726 48.993018, -122.756762 49.000239, -117.033359 49.000239, -116.04751 49.000239, -111.50165 48.994762, -109.453274 49.000239, -104.047534 49.000239, -97.228743 49.000239, -95.16190795724656 49.000239, -95.158252 49.203076, -95.155273 49.369678, -95.152983 49.36946308248502, -95.152983 49.383625, -94.955813 49.372671, -94.824366 49.295994, -94.71654478702159 48.86920012644291, -94.712793 48.863428, -94.712549 48.862988, -94.709669456013 48.84198517428199, -94.6996322206765 48.80225430471807, -94.675342 48.774414, -94.620898 48.742627, -94.43323654386862 48.70765685615871, -94.260241 48.699007, -94.24797655430581 48.68323833556372, -94.055176 48.659033, -93.95956981139247 48.63472437567878, -93.838517 48.627807, -93.81017643988916 48.55695624653138, -93.803564 48.548926, -93.70795229371643 48.52549714685096, -93.56074481649624 48.537764585939975, -93.466085 48.560682918815516, -93.466085 48.589469, -93.39713893333824 48.604138279007515, -93.377881 48.616553, -93.30238196682822 48.62429920256622, -93.208669 48.644238, -92.984114 48.62233, -92.726698 48.540176, -92.7158525580398 48.52432489913958, -92.583252 48.465088, -92.52879578091894 48.4454994130284, -92.50762 48.447068, -92.40368293447902 48.276611, -92.348437 48.276611, -92.298682 48.328906, -92.17588070917107 48.338072672928746, -92.053034 48.359437, -92.02832511723375 48.30692998969301, -92.005176 48.301855, -91.9305890364342 48.248855763383766, -91.713464 48.200606, -91.713464 48.13372484371151, -91.647314 48.10459, -91.518311 48.058301, -91.43451235021111 48.05845695916638, -91.34744141424629 48.06953853596771, -91.220654 48.10459, -91.20561577132737 48.11215260882095, -91.083616 48.178698, -91.06352440610245 48.18360925676961, -91.043457 48.193701, -91.00140128832986 48.19879484056479, -90.837154 48.238944, -90.76307314594835 48.113934249513946, -90.744385 48.10459, -90.65173603373321 48.109993538996136, -90.579737 48.123929, -90.47043339417964 48.10620382854599, -90.320117 48.09917, -90.091797 48.118115, -90.039941 48.078174, -90.02540821152431 48.058444269537276, -89.89369336088393 47.9966187311568, -89.775391 48.015332, -89.64529403066459 48.00640250004739, -89.615796 48.008913, -89.6175616228501 48.004499023467346, -89.550586 47.999902, -89.455664 47.99624, -89.273193 48.019971, -89.185645 48.047412, -89.062598 48.093799, -88.898682 48.155713, -88.611768 48.264014, -88.378174 48.303076, -88.160645 48.225391, -87.987451 48.156885, -87.920508 48.130371, -87.743896 48.060547, -87.494238 47.961768, -87.208008 47.848486, -86.921826 47.735205, -86.672168 47.636426, -86.495557 47.566602, -86.428564 47.540088, -86.234473 47.460059, -86.040381 47.380029, -85.846338 47.3, -85.652246 47.219971, -85.458203 47.139941, -85.264111 47.059961, -85.070068 46.979932, -84.875977 46.899902, -84.827051 46.766846, -84.779395 46.637305, -84.665771 46.543262, -84.561768 46.457373, -84.501562 46.461865, -84.440479 46.498145, -84.401709 46.515625, -84.336719 46.518506, -84.192187 46.549561, -84.149463 46.542773, -84.12948344358001 46.52998980515356, -84.127902 46.530139, -84.12788367559726 46.528966251606995, -84.125195 46.527246, -84.123193 46.50293, -84.127229578529 46.48710451694306, -84.12575847910763 46.39295522835839, -84.115186 46.370801, -84.107764 46.288623, -84.088379 46.226514, -84.029199 46.147021, -83.977783 46.084912, -83.913037 46.0729, -83.763184 46.109082, -83.669287 46.122754, -83.615967 46.116846, -83.524756 46.058691, -83.480127 46.02373, -83.469482 45.994678, -83.592676 45.817139, -83.397314 45.729053, -83.179297 45.632764, -82.919336 45.517969, -82.7604 45.447705, -82.551074 45.347363, -82.515234 45.204395, -82.485059 45.08374, -82.446582 44.915527, -82.407373 44.743945, -82.368262 44.572998, -82.326807 44.391553, -82.28125 44.192236, -82.240771 44.015332, -82.196582 43.822217, -82.137842 43.570898, -82.190381 43.474072, -82.304785 43.263232, -82.408203 43.072656, -82.417236 43.017383, -82.42262509428572 42.99631895930445, -82.413619 42.975605, -82.517681 42.614127, -82.60448248385848 42.58519281985704, -82.645117 42.558057, -82.744189 42.493457, -82.867773 42.385205, -82.91683927818922 42.365906299887136, -82.922975 42.351234, -83.11200882230554 42.243943877785426, -83.149658 42.141943, -83.141943 41.975879, -83.02998 41.832959, -82.866211 41.753027, -82.690039 41.675195, -82.439062 41.674854, -82.21333 41.778711, -81.97417 41.888721, -81.760937 41.986816, -81.507324 42.103467, -81.277637 42.20918, -81.028223 42.247168, -80.682617 42.299756, -80.247559 42.366016, -80.035742 42.441455, -79.762012 42.538965, -79.44624 42.651465, -79.17373 42.748535, -79.036719 42.802344, -78.939258 42.863721, -78.915088 42.909131, -78.91981151429006 42.930505680943924, -78.92289163670698 42.937325960617855, -78.94388826385311 42.95913837177424, -79.012439 42.986559, -79.01610839159315 43.00323786997874, -79.026172 43.017334, -79.029053 43.061768, -79.047998 43.087305, -79.066064 43.106104, -79.06188293426607 43.21130169369361, -79.072686 43.260406, -79.05983101821232 43.26292892231037, -79.059229 43.278076, -79.083057 43.331396, -79.171875 43.466553, -79.00249 43.527148, -78.845557 43.58335, -78.72041 43.624951, -78.458252 43.631494, -78.214795 43.630664, -77.879248 43.629541, -77.596533 43.628613, -77.266699 43.62749, -77.07334 43.626855, -76.819971 43.628809, -76.696484 43.784814, -76.586133 43.924316, -76.4646 44.057617, -76.32816647064317 44.1564346185091, -76.312308 44.196962, -76.17956736363449 44.253331543280936, -76.151172 44.303955, -76.020215 44.362598, -75.875928 44.416992, -75.819336 44.468018, -75.791943 44.49707, -75.40127 44.772266, -75.35325652942936 44.79977006353153, -75.282643 44.848718, -75.24001558325895 44.8646390709335, -75.179395 44.899365, -74.996143 44.970117, -74.88650841095365 44.99667176716669, -74.828057 45.018503, -74.47200915444446 45.004146608318905, -74.430371 45.004199, -74.014258 45.004687, -73.6338698638746 45.00513401751343, -73.343806 45.013027, -72.69720377428273 45.00618457569444, -72.349756 45.006592, -71.94131490753496 45.00707100270629, -71.51481835811663 45.01287374171379, -71.419043 45.200342, -71.37739859850727 45.24107769403547, -71.361154 45.270443, -71.34887289270453 45.26898095070561, -71.327295 45.290088, -71.201611 45.260352, -71.134668 45.262842, -71.09448334894769 45.28783873868574, -71.08183 45.303304, -71.05356194883285 45.31224960317928, -70.999902 45.337256, -70.98083459113433 45.33526463447387, -70.81677159510069 45.38718340489932, -70.79917 45.404785, -70.75332 45.410693, -70.74338512456646 45.410407016610144, -70.69145436267702 45.42684083392263, -70.689795 45.42832, -70.692139 45.455371, -70.70719073588747 45.49826692073409, -70.720352 45.511428, -70.70475084650919 45.52598897531134, -70.702246 45.551367, -70.596387 45.643994, -70.55883376038477 45.662177308424695, -70.556043 45.664782, -70.53671259345552 45.672888395007654, -70.466602 45.706836, -70.421094 45.738232, -70.41182134805618 45.78284836020303, -70.41912 45.796229, -70.40480679395795 45.80461951563085, -70.333447 45.868066, -70.29624 45.906104, -70.287158 45.93916, -70.306445 45.979834, -70.30474324505715 46.04739794086684, -70.309581 46.064599, -70.2826824887221 46.136328272459075, -70.278906 46.15, -70.248291 46.250879, -70.23125460917535 46.27346911069698, -70.210996 46.327492, -70.1682989181312 46.35189037227098, -70.067187 46.441064, -70.038232 46.571436, -70.007715 46.708936, -69.871729 46.84292, -69.717529 46.994873, -69.629785 47.081348, -69.471484 47.238672, -69.358887 47.350635, -69.302148 47.402002, -69.242871 47.462988, -69.22647864025726 47.45989680238559, -69.225147 47.461219, -69.044408 47.428357, -69.03463489646956 47.26221602437235, -69.003125 47.236426, -68.937207 47.21123, -68.887402 47.202832, -68.828711 47.20332, -68.74924587042696 47.2282016020174, -68.578868 47.285957, -68.47980547624378 47.285957, -68.376904 47.316162, -68.358008 47.344531, -68.310889 47.354492, -68.25240780323526 47.347863598382375, -68.233821 47.357157, -67.954497 47.198326, -67.82604901585687 47.09556776903479, -67.806787 47.082812, -67.80671406448266 47.08009983147029, -67.790188 47.066879, -67.77924223208889 45.94484734886729, -67.767041 45.927002, -67.777637 45.891797, -67.782275 45.87417, -67.781152 45.860156, -67.774121 45.842529, -67.775293 45.817871, -67.7913188214045 45.796074085528446, -67.79748447869191 45.72054218037389, -67.784668 45.701709, -67.755322 45.686475, -67.730664 45.686475, -67.698975 45.671191, -67.6623233166377 45.647090945107784, -67.50904122573706 45.6154613848678, -67.486621 45.618408, -67.432666 45.603125, -67.413867 45.565576, -67.424414 45.53042, -67.454932 45.513965, -67.487793 45.501025, -67.49351899739122 45.474683848321256, -67.417757 45.379982, -67.43350270296675 45.35818017237391, -67.438525 45.340381, -67.461963 45.308691, -67.472559 45.275879, -67.452588 45.247656, -67.399805 45.210156, -67.366943 45.173779, -67.315283 45.153809, -67.290674 45.16792, -67.270703 45.186719, -67.249609 45.200781, -67.213232 45.192529, -67.170996 45.181982, -67.124854 45.169434, -67.130371 45.139014, -67.102246 45.087744, -67.08610872360862 45.01469090472664, -67.00979494487324 44.86437591159525, -66.991455 44.849609, -66.987012 44.827686, -66.99002763507794 44.82544030802086, -66.979601 44.804903, -67.187725 44.646072, -67.26489782452897 44.6846580920267, -67.32144231179808 44.691624305319785, -67.406803 44.596779, -67.549203 44.624164, -67.565634 44.531056, -67.75185 44.54201, -68.047605 44.328409, -68.118805 44.476286, -68.222867 44.48724, -68.173574 44.328409, -68.30832831096653 44.28349109161342, -68.307959 44.268701, -68.315088 44.249707, -68.35904545682006 44.2665854498218, -68.403606 44.251732, -68.458375 44.377701, -68.51793530751624 44.341965032984696, -68.514453 44.303906, -68.53252 44.258643, -68.572363 44.27085, -68.612012 44.310547, -68.61702933722982 44.311978, -68.82533 44.311978, -68.830807 44.459856, -68.96135352983619 44.4318813787741, -68.956152 44.348096, -68.96121803915274 44.33980840287438, -68.956777 44.322932, -69.06454848189969 44.157128905115016, -69.068359 44.097559, -69.08841440677703 44.08017582327962, -69.071793 44.043608, -69.258008 43.923115, -69.42336350290027 43.96202259502448, -69.434961 43.956299, -69.480859 43.905078, -69.50147630436058 43.901090771585444, -69.553763 43.840961, -69.707118 43.82453, -69.833087 43.720469, -69.986442 43.742376, -70.02637070522755 43.84219913002214, -70.0487442060681 43.837485997261666, -70.254812 43.676653, -70.24572426933014 43.66013000416875, -70.237891 43.656201, -70.202588 43.626123, -70.21875917113094 43.61110300047326, -70.194565 43.567114, -70.29012570382716 43.544816812624305, -70.359668 43.480225, -70.3651070699856 43.47578697423605, -70.369827 43.435668, -70.5262469233507 43.339055496755904, -70.642334 43.134424, -70.66830606821974 43.121074139916054, -70.703921 43.057759, -70.78112089583958 42.932767861421006, -70.81548264479241 42.85575600171135, -70.79340728327371 42.75483858268864, -70.781348 42.72124, -70.735693 42.669287, -70.696875 42.6646, -70.654834 42.673975, -70.623975 42.671777, -70.60415 42.649707, -70.612939 42.623242, -70.661426 42.61665, -70.751855 42.570361, -70.82434081500942 42.55411460492626, -70.824413 42.55388, -70.83853638087577 42.5421917890438, -70.870898 42.496631, -70.930469 42.431982, -70.98458893049347 42.384804191559766, -70.98768104729385 42.298225485713104, -70.817969 42.264941, -70.78130245647402 42.2483378030746, -70.769644 42.247172, -70.76419961978587 42.240593365279004, -70.738281 42.228857, -70.68296666240646 42.14243674636425, -70.638197 42.08834, -70.64036446398022 42.075877279983416, -70.617676 42.04043, -70.645215 42.021582, -70.65539604607874 41.989447055162834, -70.65583585637911 41.986918186086314, -70.548926 41.938623, -70.51535787651942 41.80593236307538, -70.30008409529147 41.72995333613047, -70.295459 41.728955, -70.13501 41.769873, -70.001416 41.826172, -70.006104 41.872314, -70.090039 41.979687, -70.110254 42.030127, -70.172559 42.062793, -70.19624 42.035107, -70.236523 42.071045, -70.241064 42.091211, -70.203516 42.101025, -70.159863 42.097119, -70.108936 42.07832, -69.977881 41.961279, -69.941602 41.807861, -69.9415920219465 41.807735809100095, -69.937149 41.809016, -69.94109000209643 41.80143715407234, -69.933838 41.710449, -69.948633 41.677148, -69.986768 41.683984, -70.00293284788887 41.682508671285284, -70.008349 41.672093, -70.484843 41.5516, -70.60783900900935 41.54775633085698, -70.657129 41.534229, -70.66419608806784 41.54978344308028, -70.764167 41.639231, -70.8483169922041 41.62520634273123, -70.93133634444386 41.57464952222986, -70.933952 41.540646, -71.120168 41.496831, -71.16386567592679 41.491975653424944, -71.168555 41.489404, -71.16995012593736 41.491299596566236, -71.26086256676861 41.48119811178797, -71.290918 41.4646, -71.34624 41.469385, -71.318164 41.506299, -71.307471 41.560498, -71.280176 41.62002, -71.264453 41.638232, -71.232031 41.654297, -71.234327206777 41.61453184212579, -71.196845 41.67757, -71.22423 41.710431, -71.22735142423878 41.71085665229239, -71.271094 41.68125, -71.310742 41.719873, -71.31192176054867 41.72238906658955, -71.344723 41.726862, -71.42908884235892 41.606974167068564, -71.443799 41.453711, -71.47291144701917 41.42618098735828, -71.481646 41.370861, -71.7315558014197 41.33826438565215, -71.769287 41.330908, -71.78186085327752 41.33170292081227, -71.859555 41.321569, -71.947186 41.338, -72.385341 41.261322, -72.63142567140274 41.2716835594186, -72.847168 41.265869, -72.90892880358093 41.281231341772084, -73.130205 41.146307, -73.371191 41.102491, -73.60443726423438 41.00829522004424, -73.64164574180587 40.984716111943115, -73.40961355018604 40.94009466197252, -73.407227 40.941113, -73.372705 40.943799, -73.278174 40.924219, -73.19384302200581 40.92934732154393, -73.141159 40.965568, -73.03719337238495 40.965568, -73.033789 40.965967, -72.828809 40.97207, -72.62553012126328 40.991804050227515, -72.6249635642868 40.991904028901764, -72.543652 41.027002, -72.372559 41.125537, -72.30740437022786 41.14373221701412, -72.28128 41.157261, -72.28015267259913 41.15134258260276, -72.274121 41.153027, -72.2796821795028 41.14887251532289, -72.259372 41.042245, -72.2366805390824 41.03520273379875, -72.183887 41.046777, -72.15127 41.051465, -72.101904 41.015039, -72.003955 41.044287, -71.903223 41.060693, -72.338965 40.894141, -72.35314117662826 40.891158166098684, -72.467496 40.845075, -73.239744 40.625997, -73.562884 40.582182, -73.76715195231655 40.59265742673069, -73.79074059772454 40.58871151078098, -73.935316 40.543843, -73.96112546571165 40.59223571139378, -74.014893 40.581201, -74.032031 40.638672, -74.00678653625326 40.67785015352672, -74.022947 40.708151, -74.187255 40.642428, -74.25998499964803 40.515150708105296, -74.24957977734174 40.4819882724413, -74.07636427506948 40.43348803300931, -74.049854 40.429834, -73.998437 40.452148, -73.972266 40.400342, -73.957617 40.328369, -73.971973 40.250537, -74.004004 40.171338, -74.02832 40.072998, -74.048926 39.923047, -74.079932 39.788135, -74.083984 39.829102, -74.08368253419266 39.831652779584154, -74.099624 39.760641, -74.411809 39.360824, -74.60462971447429 39.251385087526714, -74.604785 39.24751, -74.6321332741735 39.22116697189872, -74.795195 38.993869, -74.7986379713627 38.99994482311575, -74.923437 38.941113, -74.954297 38.949951, -74.920312 39.047168, -74.897021 39.145459, -74.95466184091008 39.176957769524826, -75.07174036548156 39.21009314012696, -75.136133 39.207861, -75.1753199569514 39.239408064983856, -75.178581 39.240331, -75.30332044510392 39.31709389716736, -75.353418 39.339844, -75.38392505522913 39.36669683866755, -75.534582 39.459409, -75.55649 39.607286, -75.561967 39.629194, -75.507197 39.683964, -75.58677116549866 39.63370614936064, -75.581592 39.589453, -75.567285 39.552979, -75.573877 39.476953, -75.519824 39.402832, -75.412646 39.281396, -75.392187 39.092773, -75.3104 38.966553, -75.185059 38.819385, -75.14720119130222 38.80294919576532, -75.09095 38.796699, -75.05991894904648 38.55233230659208, -75.035889 38.50332, -75.03877 38.426367, -75.05127 38.383008, -75.074365 38.365723, -75.07372469361482 38.394777558279586, -75.2129563936583 38.096976932073076, -75.137402 38.240088, -75.0979 38.298096, -75.13623 38.180518, -75.203223 38.072412, -75.333057 37.888281, -75.36194012884287 37.87798107255611, -75.375751 37.860142, -75.49844281034534 37.80615771097576, -75.53157423925967 37.74697537608468, -75.59019768391623 37.58282987376228, -75.587109 37.558691, -75.60687369078185 37.548309577707215, -75.802952 37.197433, -75.972737 37.120755, -76.027507 37.257679, -75.939876 37.564388, -75.671506 37.95325, -75.885106 37.909435, -75.879629 38.073743, -75.961783 38.139466, -75.92076445975674 38.164858871224276, -75.928076 38.169238, -75.884961 38.213965, -75.87361962182786 38.239436619829235, -75.93847649716983 38.308926189541715, -75.967383 38.291357, -75.985742 38.331934, -76.006689 38.322754, -76.020312 38.294873, -76.051221 38.279541, -76.09947182354574 38.3077266709391, -76.257538 38.320205, -76.328738 38.500944, -76.29303147975732 38.500944, -76.26416 38.599951, -76.26068954368579 38.60093777233936, -76.257538 38.736453, -76.2382509338554 38.76377646597981, -76.27832 38.772461, -76.308105 38.722852, -76.341162 38.709668, -76.300342 38.818213, -76.246973 38.822656, -76.19534573588493 38.84235990247374, -76.2199451668319 38.93153273438799, -76.24082 38.943066, -76.330664 38.908594, -76.32959 38.952783, -76.312744 39.009375, -76.24502 39.00918, -76.24102200990306 39.00793620032668, -76.279446 39.147223, -76.169907 39.333439, -76.10891361946662 39.34524430948604, -76.074365 39.368848, -75.99992707327088 39.367665472867856, -75.99400709698017 39.4091048745511, -76.003125 39.41084, -75.99218353925465 39.42186964545035, -75.972737 39.557994, -76.0767110575152 39.5399114116691, -76.085059 39.527002, -76.080713 39.470312, -76.097266 39.433105, -76.141357 39.403223, -76.21582 39.379932, -76.21649204458872 39.3836869689349, -76.25547061687669 39.365009819780894, -76.256836 39.352148, -76.276367 39.322754, -76.29273630871673 39.34715342217656, -76.367077 39.311532, -76.40305036007767 39.25757172530623, -76.402783 39.252832, -76.420898 39.225, -76.4241265026871 39.22595737395751, -76.443754 39.196516, -76.44715824886977 39.13637489152103, -76.427588 39.126025, -76.420068 39.073877, -76.45217876794341 39.047679971208275, -76.460185 38.906238, -76.51693091962281 38.8274245745041, -76.521094 38.788281, -76.536865 38.742627, -76.501318 38.532178, -76.458496 38.474951, -76.416406 38.420215, -76.41639574755933 38.42019146588405, -76.383508 38.380452, -76.399939 38.259959, -76.317785 38.139466, -76.33930374110155 38.09911793069824, -76.341162 38.087012, -76.34460966875629 38.08916921038448, -76.3616 38.057312, -76.591632 38.216144, -76.920248 38.292821, -76.97334600168043 38.375417652124554, -76.988379 38.393896, -76.99037359654416 38.401904945148175, -77.01775125471107 38.44449228998287, -77.02292001263646 38.44425170122682, -77.205049 38.358544, -77.276249 38.479037, -77.22469851924272 38.532496783644866, -77.220898 38.540967, -77.15709264143592 38.62194695703319, -77.248864 38.588575, -77.2859152321462 38.519766535282365, -77.31053701881723 38.41053851214529, -77.29679325616016 38.377897389504696, -77.273242 38.351758, -77.25205237869295 38.345746545267325, -77.16606298795158 38.35627597612228, -77.109912 38.370117, -77.08912853968366 38.36569662611661, -77.013356 38.374975, -76.98637372998547 38.288031460913, -76.91504225062731 38.20695234332567, -76.613539 38.15042, -76.57945724251974 38.10687133734308, -76.549512 38.094482, -76.471777 38.011182, -76.354932 37.963232, -76.2930284695628 37.91566321192103, -76.235631 37.887527, -76.30266554599109 37.73888441710725, -76.305615 37.721582, -76.31610403578392 37.70908587363311, -76.3616 37.608203, -76.34978318745853 37.58569489816071, -76.305566 37.571484, -76.33282078692498 37.5533857253353, -76.30995782280705 37.50983743996575, -76.268555 37.495166, -76.254395 37.430615, -76.2570542543811 37.40906924197545, -76.246584 37.389126, -76.26085429875121 37.37828059796202, -76.263477 37.357031, -76.28329521265965 37.361225542725975, -76.383508 37.285064, -76.39376791840785 37.206405249964334, -76.326953 37.149268, -76.300781 37.110889, -76.29631508966293 37.096018898206594, -76.273969 37.082417, -76.28841274152033 37.06970652012058, -76.283301 37.052686, -76.338281 37.013135, -76.36215975755964 37.004809210637774, -76.410893 36.961924, -76.619016 37.120755, -76.6467788563608 37.08990794504241, -76.633936 37.047412, -76.52979580124317 36.97784102814436, -76.48757 36.95097, -76.27726142543897 36.93928649844138, -76.244238 36.952637, -76.15171927122019 36.93231211825956, -75.994645 36.923586, -75.98182172919579 36.88567352635841, -75.966357 36.861963, -75.9427238823603 36.77007929847191, -75.94024583940943 36.762752872984095, -75.89043 36.657031, -75.757861 36.229248, -75.558691 35.879346, -75.53418 35.819092, -75.580469 35.871973, -75.728223 36.103711, -75.75687127433848 36.162499986647, -75.75366 36.151337, -75.83497281424 36.16249770221373, -75.820068 36.112842, -75.87535209549031 36.168040016027994, -76.032984 36.189676, -76.071322 36.140383, -76.410893 36.080137, -76.460185 36.025367, -76.5271639199434 36.02046635804293, -76.559375 36.015332, -76.56420722019892 36.017756013480586, -76.68474 36.008937, -76.67590532286847 35.95151159864502, -76.62892550722509 35.94581097716007, -76.399939 35.987029, -76.37028876712985 35.95314301957697, -76.358301 35.952881, -76.263574 35.96709, -76.206543 35.991211, -76.13504608745198 35.980285827625316, -76.060368 35.992506, -75.96544841900129 35.90285978254676, -75.853906 35.960156, -75.812012 35.955762, -75.79679063038137 35.934395855838744, -75.781044 35.937736, -75.715321 35.696751, -75.775568 35.581735, -75.87713002463481 35.57250193541604, -75.9425740571247 35.525278130070895, -76.147999 35.324319, -76.482093 35.313365, -76.536862 35.14358, -76.394462 34.973795, -76.279446 34.940933, -76.38732090301684 34.79986601337411, -76.256201 34.914697, -76.207373 34.938916, -76.357715 34.803662, -76.503662 34.642969, -76.528564 34.631494, -76.50490107074063 34.6637643094389, -76.59451275938167 34.68005752403079, -76.54624 34.654883, -76.568506 34.652539, -76.607812 34.663574, -76.661963 34.684668, -76.66884548484926 34.69357271457802, -76.673786 34.694471, -76.991448 34.667086, -77.210526 34.60684, -77.555573 34.415147, -77.82942 34.163208, -77.92060402891589 33.95979796652055, -77.927832 33.939746, -77.9281562363332 33.94295077538563, -77.971821 33.845545, -78.17235986473861 33.91415042645161, -78.19258159661555 33.914447264695596, -78.541422 33.851022, -78.69172344419455 33.808750094012176, -78.75515060073242 33.77287996165867, -78.935762 33.637421, -79.1454809795214 33.38468332165355, -79.15198735437635 33.36575827011778, -79.187701 33.171881, -79.357487 33.007573, -79.56470097690793 33.007573, -79.5844551741015 33.00167178348168, -79.59383307363241 32.97874840956899, -79.614941 32.909277, -79.62520888940647 32.902053244043486, -79.631334 32.887081, -79.7046768428843 32.84614524975537, -79.73501 32.824805, -79.80498 32.787402, -79.80873495165864 32.78806600733448, -79.866842 32.755634, -79.90308947451248 32.71636615538903, -79.940723 32.667139, -79.95761188680008 32.6573005889649, -79.998289 32.613234, -80.206412 32.552987, -80.430967 32.399633, -80.452875 32.328433, -80.660998 32.246279, -80.69949996342851 32.20965519785669, -80.758008 32.142187, -80.78410456017079 32.129177691371645, -80.87551116966672 32.04222998058836, -80.872363 32.02959, -80.923437 31.944922, -80.96107671129667 31.928623068022606, -81.132015 31.693108, -81.175831 31.517845, -81.279893 31.364491, -81.290846 31.20566, -81.400385 31.13446, -81.444201 30.707258, -81.383954 30.27458, -81.37630844621339 30.24499486475102, -81.337109 30.141211, -81.249512 29.793799, -81.104541 29.456982, -80.9 29.049854, -80.564307 28.556396, -80.524121 28.486084, -80.5324788229195 28.47468185715115, -80.524075 28.461713, -80.56385406485363 28.431878247419775, -80.567822 28.426465, -80.581152 28.364697, -80.58314559852212 28.315961393177517, -80.5748716447408 28.19599057402097, -80.572852 28.180859, -80.533154 28.070068, -80.456885 27.900684, -80.47308251630909 27.91350848867204, -80.43277782185196 27.83645543452291, -80.436914 27.850537, -80.395752 27.794531, -80.355518 27.678613, -80.186768 27.278418, -80.17635761630991 27.231274839959873, -80.091397 27.021277, -80.03115 26.796723, -80.036627 26.566691, -80.12146377266225 25.926174489409302, -80.126367 25.833496, -80.13293740695588 25.839548702372287, -80.146166 25.739673, -80.2303218525728 25.724822711541744, -80.25006498752606 25.695066465679407, -80.31326963580764 25.530031714482977, -80.32633908190358 25.437026555313352, -80.304997 25.383672, -80.49669 25.197456, -80.55776762139445 25.232357953115258, -80.736523 25.156348, -80.77517439549196 25.16244444238115, -81.077246 25.120779, -81.09187833300923 25.13713280244024, -81.110498 25.138037, -81.15259052404086 25.20498768089465, -81.170354 25.224841, -81.16157182481389 25.25557821228527, -81.158691 25.268994, -81.1567357619698 25.27250421149544, -81.126538 25.378195, -81.23612867775739 25.594702900313365, -81.345068 25.731836, -81.36433606241621 25.82803475634652, -81.38092568202691 25.835811229279138, -81.56241812396419 25.889814159386315, -81.679709 25.843735, -81.800202 26.090198, -81.80842752737895 26.140921334588185, -81.811475 26.146094, -81.84110484589281 26.30151969730141, -82.041187 26.517399, -82.09048 26.665276, -82.07384696011968 26.7733897469258, -82.06749133209337 26.88216813931216, -82.172634 26.917216, -82.145249 26.791246, -82.249311 26.758384, -82.35199430156351 26.933653489124822, -82.354053 26.935742, -82.441357 27.059668, -82.56878131846034 27.30256549342983, -82.692943 27.437525, -82.67289791307374 27.464130295983146, -82.7146 27.499609, -82.686719 27.515283, -82.63584 27.524561, -82.52085 27.678271, -82.47962822828345 27.720651865948504, -82.41251333755345 27.809731625957376, -82.400537 27.8354, -82.40071593250083 27.836341441795263, -82.588881 27.815434, -82.60800607729664 27.797105806986416, -82.610986 27.777246, -82.626025 27.745996, -82.660889 27.718408, -82.68369995545272 27.72456586441395, -82.720328 27.689464, -82.7369838412243 27.71444788854887, -82.742871 27.709375, -82.775293 27.734375, -82.807568 27.776562, -82.843506 27.845996, -82.83847747999371 27.8666891188348, -82.851774 27.886634, -82.77636915770648 28.122274239727403, -82.748535 28.236816, -82.67591609687331 28.442571486770074, -82.64702074958892 28.842298224867683, -82.651465 28.8875, -82.66910800895775 28.91205690827791, -82.764143 28.998453, -82.78004506363183 29.05978870160109, -82.91861602093887 29.166238897018115, -82.994175 29.179192, -83.14202898387782 29.3378647125983, -83.290479 29.451904, -83.30227200938774 29.465745704108055, -83.399469 29.518762, -83.40442266131072 29.585642081010313, -83.51050599747943 29.71015433244384, -83.536392 29.721409, -83.5835964219709 29.79594210685161, -83.67870780569793 29.907576346049904, -83.84396654878458 30.00201003668529, -84.04115256245301 30.10224065692488, -84.3130357120768 30.06212626933099, -84.35513398293058 30.029378181384967, -84.341502 29.902148, -84.37842449328926 29.91137870759023, -84.382812 29.907373, -84.454053 29.910156, -84.51054879283731 29.902911122775386, -84.7979238117091 29.77434875967879, -84.800537 29.773047, -84.80080277647882 29.773060803211596, -84.867289 29.743317, -85.0088393234143 29.729336563578098, -85.029297 29.721094, -85.186035 29.70791, -85.318945 29.680225, -85.376367 29.695215, -85.413818 29.767578, -85.413818 29.84248, -85.383447 29.785059, -85.336426 29.740137, -85.314893 29.758105, -85.306836 29.797852, -85.353613 29.875732, -85.504297 29.975781, -85.5807590106123 30.0409438584411, -85.924338 30.236241, -86.28986847971245 30.359876655715347, -86.3016852294693 30.362694470982092, -86.630863 30.395073, -86.910187 30.373165, -87.518128 30.280057, -87.655051 30.247195, -87.67485150023246 30.2601084448922, -88.005957 30.230908, -87.98501 30.254395, -87.904004 30.259082, -87.790283 30.291797, -87.813281 30.346875, -87.81810365516431 30.353534307202903, -87.90699 30.411504, -87.90896196745395 30.42925149105845, -87.924316 30.449658, -87.92306136908253 30.55614456114007, -87.92391694228618 30.563844626245718, -87.948877 30.626904, -87.99919424049664 30.681116030661084, -88.011052 30.685351, -88.08630907456616 30.53483685086766, -88.116553 30.415332, -88.12190794392032 30.401522388588212, -88.137022 30.318396, -88.394438 30.367688, -88.503977 30.323872, -88.744962 30.34578, -88.84222396665233 30.410621968821403, -88.84528349683717 30.411188270682043, -89.0167402520513 30.38001405646851, -89.054053 30.368262, -89.12884180441112 30.352434099295255, -89.41122621284781 30.255219476059352, -89.443506 30.223145, -89.48665307463392 30.20612736589788, -89.522688 30.181472, -89.6696854043789 30.11341794985792, -89.714697 30.07832, -89.777246 30.045703, -89.815186 30.007275, -89.743799 29.929834, -89.631689 29.903809, -89.589502 29.915039, -89.563379 30.0021, -89.494434 30.058154, -89.400732 30.046045, -89.414062 30.010889, -89.400928 29.977686, -89.38169802615391 29.952373180037277, -89.287179 29.88024, -89.30361 29.754271, -89.424103 29.699501, -89.58004163399917 29.73373188916573, -89.590869 29.725293, -89.559326 29.698047, -89.620654 29.674121, -89.62713495039668 29.67561714510424, -89.621273 29.655686, -89.6796847154543 29.547206446908373, -89.674805 29.538672, -89.580322 29.486035, -89.513672 29.420068, -89.35387479897686 29.368268038560895, -89.199548 29.348977, -89.189460980619 29.335359459374796, -89.180762 29.335693, -89.116846 29.248242, -89.065332 29.218164, -89.015723 29.202881, -89.01759526573971 29.18299610984498, -89.002379 29.179192, -89.01969641883704 29.16068026137689, -89.021387 29.142725, -89.04975486569596 29.12854879207971, -89.16121 29.009407, -89.29048625014349 29.03364583589121, -89.330566 28.998682, -89.376123 28.981348, -89.35503013724455 29.064263001304404, -89.484349 29.217531, -89.851304 29.310638, -89.851304 29.4395819846399, -89.877246 29.458008, -89.90217395052277 29.465008692898977, -90.032043 29.425654, -90.021089 29.283254, -90.103244 29.151807, -90.12696215259811 29.147853914420224, -90.13584 29.136084, -90.212793 29.104932, -90.246729 29.131006, -90.2686286673834 29.180807173204062, -90.3273106209849 29.268830401227415, -90.34554754096379 29.278069205896827, -90.55223499986701 29.282990378657193, -90.56591886705105 29.27837848728467, -90.645461 29.129899, -90.798815 29.086084, -90.963123 29.179192, -91.09457 29.190146, -91.11541647745419 29.230932737422016, -91.290137 29.288965, -91.282715 29.320752, -91.2375 29.330957, -91.16063351887881 29.3194011896888, -91.21057207022778 29.41710741298637, -91.23103158332282 29.44172633218854, -91.41991271285012 29.533863448027834, -91.46083097717664 29.543196283107697, -91.532725 29.529716, -91.56439113394407 29.60492320362631, -91.564795 29.605322, -91.66276907238003 29.733421921210805, -91.883249 29.710455, -91.88845485626535 29.830188743608783, -91.89217697828151 29.834809643044437, -92.10201035368395 29.736589435666623, -92.135498 29.699463, -92.113965 29.667676, -92.058887 29.617188, -92.084033 29.592822, -92.26084 29.556836, -92.26158837758754 29.556909359233078, -92.31045 29.535193, -92.617159 29.579009, -92.6616649265996 29.596126606376938, -92.671289 29.59707, -92.791309 29.634668, -92.89530271531241 29.685986991443063, -92.97316 29.715932, -93.2251 29.776178, -93.767317 29.726886, -93.838517 29.688547, -93.93485926305823 29.685335552141286, -94.02536409472528 29.677138677522265, -94.19955982965132 29.6312978356124, -94.574463 29.484521, -94.759619 29.384277, -94.750146 29.418018, -94.52678475786661 29.547650249779494, -94.52945452097232 29.54874956146945, -94.605322 29.567822, -94.732617 29.535352, -94.778271 29.547852, -94.724365 29.655273, -94.741943 29.75, -94.78329570772028 29.751184107363052, -94.873659 29.672117, -94.89018064825342 29.676976183053785, -94.929883 29.680176, -94.9559883128209 29.696330879605274, -94.966767 29.699501, -95.00367268031842 29.592883924666417, -94.99529670302286 29.545080607291982, -94.911997 29.496854, -94.90336631706704 29.39904064396299, -94.888281 29.370557, -94.8999717788629 29.360569624169763, -94.895566 29.310638, -95.00134002629079 29.198642473354987, -94.87168 29.290137, -94.825977 29.341309, -94.767627 29.339062, -94.864941 29.252881, -95.039697 29.145898, -95.05368564700632 29.14321794651057, -95.081782 29.113469)), ((-91.925049 29.643945, -91.875244 29.640967, -91.796484 29.596973, -91.767676 29.584717, -91.754297 29.566895, -91.761914 29.539014, -91.793701 29.500732, -91.830859 29.486475, -91.99624 29.573096, -92.006641 29.610303, -91.925049 29.643945)), ((-89.287646 30.094189, -89.276465 30.11084, -89.184668 30.168652, -89.210693 30.126221, -89.223975 30.084082, -89.220459 30.037598, -89.269434 30.060742, -89.341992 30.062842, -89.310059 30.078711, -89.287646 30.094189)), ((-118.383203 32.849463, -118.350391 32.827588, -118.408594 32.818506, -118.473193 32.838916, -118.528906 32.935596, -118.590186 33.011182, -118.55708 33.032666, -118.507471 32.959912, -118.383203 32.849463)), ((-119.48252 33.215332, -119.543652 33.224609, -119.575195 33.27832, -119.525146 33.282031, -119.478809 33.274609, -119.442041 33.232422, -119.438037 33.217187, -119.48252 33.215332)), ((-118.370215 33.32124, -118.446289 33.31709, -118.469336 33.357129, -118.492041 33.412793, -118.507324 33.427002, -118.559424 33.431982, -118.56333 33.437061, -118.569434 33.46416, -118.554834 33.4771, -118.391699 33.415088, -118.347949 33.385742, -118.297461 33.312109, -118.370215 33.32124)), ((-119.983936 33.97334, -120.043555 33.918848, -120.113916 33.904883, -120.167139 33.918066, -120.251904 34.013867, -120.071826 34.026514, -119.994385 33.984912, -119.983936 33.97334)), ((-119.80957 33.967773, -119.885498 33.994922, -119.892432 34.032178, -119.918066 34.067822, -119.882373 34.079687, -119.678857 34.028467, -119.569141 34.052979, -119.549268 34.028174, -119.562207 34.006592, -119.80957 33.967773)), ((-120.412939 34.056299, -120.367725 34.073291, -120.35332 34.060596, -120.306592 34.024854, -120.359717 34.022266, -120.441553 34.03291, -120.412939 34.056299)), ((-122.657275 48.156494, -122.690381 48.173877, -122.72246601791257 48.20614590599127, -122.767716 48.227991, -122.718423 48.310145, -122.69524510982475 48.31787090461504, -122.668994 48.351025, -122.628613 48.384229, -122.603516 48.380615, -122.572461 48.35957, -122.535547 48.321191, -122.542432 48.293994, -122.59548781589356 48.27523572994418, -122.60326959507202 48.20325498294868, -122.597607 48.200439, -122.572754 48.156641, -122.523828 48.025439, -122.502832 48.080078, -122.366748 47.985449, -122.366602 47.938818, -122.383154 47.923193, -122.411426 47.917725, -122.437598 47.931348, -122.461621 47.964014, -122.492285 47.981299, -122.55752 47.99248, -122.591357 48.029639, -122.603174 48.055029, -122.606299 48.128564, -122.622656 48.151416, -122.657275 48.156494)), ((-123.139941 48.507959, -123.153418 48.526318, -123.16958 48.586719, -123.162158 48.606396, -123.11416 48.613281, -123.0303939568381 48.54365065115365, -123.025132 48.583992, -122.98738452918622 48.62928868929412, -123.002832 48.652197, -122.97666 48.67915, -122.92566362947997 48.703353318173214, -122.915593 48.715438, -122.90909798210137 48.70846186315751, -122.897705 48.710352, -122.782129 48.672705, -122.768848 48.650977, -122.808984 48.629834, -122.83330364758864 48.62705305756238, -122.767716 48.556607, -122.811531 48.419683, -122.83364144038494 48.42336810543715, -122.836572 48.421533, -122.8659848067202 48.42875871336095, -123.041563 48.458022, -123.03892933612784 48.47821326273358, -123.094434 48.489062, -123.139941 48.507959)), ((-131.5750598952922 55.25278588267083, -131.569159 55.28229, -131.52765128233023 55.26313260679269, -131.512646 55.262744, -131.404639 55.21333, -131.40026941831488 55.20434102312055, -131.355558 55.183705, -131.3654341372553 55.13267889191492, -131.339746 55.079834, -131.237451 54.949512, -131.232031 54.90376, -131.329541 54.887744, -131.406201 54.894287, -131.445703 54.909326, -131.456104 54.930566, -131.431348 54.996484, -131.46216704215792 55.020196130670016, -131.5815425068222 55.03035539934174, -131.592236 55.025684, -131.5924841743889 55.031286573438855, -131.645836 55.035827, -131.602021 55.117982, -131.57830517656026 55.23655967384024, -131.578467 55.248779, -131.5750598952922 55.25278588267083)), ((-132.632275 56.388281, -132.64143463644 56.37762022938833, -132.65258297482376 56.32745338515574, -132.646582 56.313184, -132.65884733714935 56.299264135943154, -132.664547 56.273616, -132.73860858272414 56.262221803664396, -132.779883 56.247266, -132.830957 56.244141, -132.84048598245377 56.24654821079773, -132.878148 56.240754, -133.069841 56.333862, -132.976733 56.437924, -132.93573732865298 56.44165091014362, -132.935498 56.441797, -132.902051 56.45376, -132.82526622945736 56.45169382069103, -132.735747 56.459832, -132.7034445548142 56.447930984778516, -132.643359 56.435156, -132.63593938548124 56.423060420239516, -132.631685 56.421493, -132.63256069554205 56.417552423356135, -132.629102 56.411914, -132.632275 56.388281)), ((-66.234737 17.929556, -66.448338 17.984326, -66.771478 18.006234, -66.924832 17.929556, -66.985078 17.973372, -67.209633 17.956941, -67.154863 18.19245, -67.269879 18.362235, -67.094617 18.515589, -66.957694 18.488204, -66.409999 18.488204, -65.840398 18.433435, -65.632274 18.367712, -65.626797 18.203403, -65.730859 18.186973, -65.834921 18.017187, -66.234737 17.929556)), ((-81.811426 24.557812, -81.767676 24.576709, -81.738672 24.575439, -81.739746 24.554492, -81.783838 24.54458, -81.809229 24.542334, -81.811426 24.557812)), ((-81.579248 24.629395, -81.562305 24.68916, -81.531641 24.64248, -81.532227 24.61416, -81.566699 24.599902, -81.631494 24.590039, -81.579248 24.629395)), ((-81.322314 24.685059, -81.319824 24.667627, -81.334814 24.650488, -81.364795 24.629932, -81.379053 24.636279, -81.379053 24.66626, -81.42168 24.732617, -81.420068 24.75, -81.322314 24.685059)), ((-81.085254 24.73418, -80.930469 24.759473, -80.988916 24.727881, -81.044189 24.716797, -81.08999 24.693115, -81.137354 24.710498, -81.085254 24.73418)), ((-80.799414 24.846289, -80.785205 24.835254, -80.786768 24.821045, -80.829395 24.803662, -80.84834 24.803662, -80.838867 24.817871, -80.799414 24.846289)), ((-80.625684 24.941113, -80.6146 24.937939, -80.638281 24.903174, -80.665137 24.898438, -80.625684 24.941113)), ((-80.403662 25.179346, -80.354932 25.233643, -80.35127 25.296973, -80.280469 25.34126, -80.25708 25.347607, -80.381836 25.142285, -80.580566 24.954248, -80.558545 25.001318, -80.481055 25.101953, -80.456006 25.149316, -80.403662 25.179346)), ((-82.072852 26.427539, -82.144971 26.44668, -82.184375 26.480957, -82.201367 26.548047, -82.138574 26.477002, -82.116064 26.460938, -82.037207 26.453613, -82.072852 26.427539)), ((-82.121143 26.665527, -82.083789 26.552344, -82.085205 26.493604, -82.135596 26.591992, -82.169141 26.700732, -82.121143 26.665527)), ((-84.737158 29.732422, -84.90791 29.642627, -85.008252 29.606641, -85.116748 29.632812, -85.049316 29.637793, -85.000537 29.627197, -84.877002 29.678662, -84.812207 29.717627, -84.737158 29.732422)), ((-88.872656 29.752979, -88.889307 29.712598, -88.943604 29.660254, -88.941113 29.680225, -88.901172 29.732617, -88.872656 29.752979)), ((-88.827979 29.928369, -88.866895 30.056738, -88.825879 30.000391, -88.812598 29.93335, -88.827441 29.807715, -88.855664 29.775879, -88.827979 29.928369)), ((-88.659229 30.225586, -88.713086 30.244922, -88.722852 30.264258, -88.573975 30.22915, -88.558105 30.215918, -88.570654 30.204785, -88.659229 30.225586)), ((-88.31626 30.24043, -88.263916 30.254736, -88.109375 30.27373, -88.071338 30.252344, -88.159326 30.230908, -88.289746 30.23291, -88.31626 30.24043)), ((-75.864941 35.174121, -75.781934 35.190186, -75.963672 35.118848, -75.98418 35.123096, -75.864941 35.174121)), ((-75.690088 35.221582, -75.536377 35.278613, -75.487891 35.479492, -75.48125 35.572119, -75.504297 35.7354, -75.503516 35.769141, -75.478516 35.716504, -75.456445 35.56416, -75.464746 35.448633, -75.509326 35.280322, -75.544141 35.240088, -75.678271 35.212842, -75.690088 35.221582)), ((-75.635693 35.855908, -75.650781 35.835596, -75.717187 35.946143, -75.648877 35.9104, -75.63667 35.880664, -75.635693 35.855908)), ((-74.253174 39.558496, -74.106738 39.746436, -74.133203 39.680762, -74.250488 39.529395, -74.253174 39.558496)), ((-74.079687 40.586475, -74.138525 40.541846, -74.188135 40.522852, -74.235889 40.518701, -74.188184 40.6146, -74.100488 40.658447, -74.06875 40.649316, -74.067383 40.61543, -74.079687 40.586475)), ((-69.985596 41.298633, -69.97793 41.265576, -70.055078 41.249463, -70.233057 41.286328, -70.086621 41.317578, -70.062695 41.328467, -70.043604 41.374414, -70.041211 41.397461, -69.985596 41.298633)), ((-70.785303 41.327441, -70.829199 41.358984, -70.760498 41.373584, -70.67373 41.448535, -70.616016 41.457227, -70.525342 41.414795, -70.509912 41.376318, -70.785303 41.327441)), ((-71.403418 41.515039, -71.383984 41.570557, -71.364307 41.571826, -71.354492 41.542285, -71.365332 41.485254, -71.393066 41.466748, -71.403418 41.515039)), ((-68.661182 44.17627, -68.701709 44.182666, -68.703027 44.231982, -68.690771 44.24873, -68.676758 44.256201, -68.655957 44.242334, -68.623193 44.196045, -68.661182 44.17627)))